branch,branch_term,cnd_code,cnd_term,match_status,catalogue_product_id,catalogue_product_name,trade_name,device_name,device_model,manufacturer_name,manufacturer_srn,risk_class,legislation,device_status,basic_udi,primary_di,medical_purpose,certificate_numbers,notified_bodies,screening_reason,query_url,detail_url
Z1101,RADIOTHERAPY AND RADIOSURGERY INSTRUMENTS,Z11010282,INSTRUMENTS FOR RADIOTHERAPY SIMULATION - SOFTWARE ACCESSORIES,catalogue-match,limbus-contour,Limbus Contour,,,,Limbus AI Inc.,CA-MF-000025514,class-iib,,on-the-market,6280113821608Q,00628011382184,,,,matches existing DLinRT product Limbus Contour,https://ec.europa.eu/tools/eudamed/api/devices/udiDiData?page=0&pageSize=300&size=300&languageIso2Code=en&cndCode=Z11010282,https://ec.europa.eu/tools/eudamed/api/devices/basicUdiData/udiDiData/77e1dd1f-1ba8-458b-be11-7460db749191
Z1101,RADIOTHERAPY AND RADIOSURGERY INSTRUMENTS,Z11010282,INSTRUMENTS FOR RADIOTHERAPY SIMULATION - SOFTWARE ACCESSORIES,catalogue-match,limbus-contour,Limbus Contour,Limbus Contour,,,Limbus AI Inc.,CA-MF-000025514,class-i,,no-longer-on-the-market,B-00628011382177,00628011382177,,,,matches existing DLinRT product Limbus Contour,https://ec.europa.eu/tools/eudamed/api/devices/udiDiData?page=0&pageSize=300&size=300&languageIso2Code=en&cndCode=Z11010282,https://ec.europa.eu/tools/eudamed/api/devices/basicUdiData/udiDiData/40b5f4c8-b853-4a37-be22-0fb9a38b0bfc
Z1101,RADIOTHERAPY AND RADIOSURGERY INSTRUMENTS,Z11010492,RADIOTHERAPY TREATMENT PLANNING INSTRUMENTS - MEDICAL DEVICE SOFTWARE,catalogue-match,manteia-accucontour,AccuContour,AccuContour,,,"Manteia Technologies Co., Ltd.",CN-MF-000023911,class-iia,,on-the-market,697312740AccuContourXE,06973127400029,,,,matches existing DLinRT product AccuContour,https://ec.europa.eu/tools/eudamed/api/devices/udiDiData?page=0&pageSize=300&size=300&languageIso2Code=en&cndCode=Z11010492,https://ec.europa.eu/tools/eudamed/api/devices/basicUdiData/udiDiData/8c078f7e-ad37-4aa4-96bd-f6687ccdbfef
Z1101,RADIOTHERAPY AND RADIOSURGERY INSTRUMENTS,Z11010492,RADIOTHERAPY TREATMENT PLANNING INSTRUMENTS - MEDICAL DEVICE SOFTWARE,catalogue-match,manteia-accucontour,AccuContour,AccuContour-Lite,,,"Manteia Technologies Co., Ltd.",CN-MF-000023911,class-iia,,on-the-market,697312740AccuContourLTQ3,06973127400050,,,,matches existing DLinRT product AccuContour,https://ec.europa.eu/tools/eudamed/api/devices/udiDiData?page=0&pageSize=300&size=300&languageIso2Code=en&cndCode=Z11010492,https://ec.europa.eu/tools/eudamed/api/devices/basicUdiData/udiDiData/846c5234-23a9-4fb8-b146-5d64b35e2921
Z1101,RADIOTHERAPY AND RADIOSURGERY INSTRUMENTS,Z11010401,RADIOTHERAPY TREATMENT PLANNING SYSTEMS,catalogue-match,manteia-mozi,MOZI TPS,MOZI TPS,,,"Manteia Technologies Co., Ltd.",CN-MF-000023911,class-iib,,on-the-market,697312740MOZITPS77,06973127400081,,,,matches existing DLinRT product MOZI TPS,https://ec.europa.eu/tools/eudamed/api/devices/udiDiData?page=0&pageSize=300&size=300&languageIso2Code=en&cndCode=Z11010401,https://ec.europa.eu/tools/eudamed/api/devices/basicUdiData/udiDiData/16cc39ca-1845-4f88-9d77-fe1a5882122a
Z1101,RADIOTHERAPY AND RADIOSURGERY INSTRUMENTS,Z11010292,INSTRUMENTS FOR RADIOTHERAPY SIMULATION - MEDICAL DEVICE SOFTWARE,catalogue-match,mvision-ai-contouring,Contour+,Contour+ (MVision AI Segmentation),,,MVision AI Oy,FI-MF-000013082,class-iia,,on-the-market,64298300642AISEG1.2SZ,06429830064206,,,,matches existing DLinRT product Contour+,https://ec.europa.eu/tools/eudamed/api/devices/udiDiData?page=0&pageSize=300&size=300&languageIso2Code=en&cndCode=Z11010292,https://ec.europa.eu/tools/eudamed/api/devices/basicUdiData/udiDiData/4c999dd0-7b51-4875-b9a5-7ddab5a818c3
Z1101,RADIOTHERAPY AND RADIOSURGERY INSTRUMENTS,Z11010292,INSTRUMENTS FOR RADIOTHERAPY SIMULATION - MEDICAL DEVICE SOFTWARE,catalogue-match,mvision-dose-plus,Dose+,Dose+,,,MVision AI Oy,FI-MF-000013082,class-iia,,on-the-market,642983006423Dose1.0DH,06429830064237,,,,matches existing DLinRT product Dose+,https://ec.europa.eu/tools/eudamed/api/devices/udiDiData?page=0&pageSize=300&size=300&languageIso2Code=en&cndCode=Z11010292,https://ec.europa.eu/tools/eudamed/api/devices/basicUdiData/udiDiData/c2f9d975-a3df-4c4c-b43c-a8144f4e8fbf
Z1101,RADIOTHERAPY AND RADIOSURGERY INSTRUMENTS,Z11010292,INSTRUMENTS FOR RADIOTHERAPY SIMULATION - MEDICAL DEVICE SOFTWARE,catalogue-match,mvision-ai-contouring,Contour+,MVision Segmentation Service,,,MVision AI Oy,FI-MF-000013082,class-i,,on-the-market,B-06429830064206,06429830064206,,,,matches existing DLinRT product Contour+,https://ec.europa.eu/tools/eudamed/api/devices/udiDiData?page=0&pageSize=300&size=300&languageIso2Code=en&cndCode=Z11010292,https://ec.europa.eu/tools/eudamed/api/devices/basicUdiData/udiDiData/e0aa99ed-6215-4127-b896-8164b72fa0a0
Z1101,RADIOTHERAPY AND RADIOSURGERY INSTRUMENTS,Z11010292,INSTRUMENTS FOR RADIOTHERAPY SIMULATION - MEDICAL DEVICE SOFTWARE,catalogue-match,mvision-ai-workspace-plus,Workspace+,Workspace+,,,MVision AI Oy,FI-MF-000013082,class-iia,,on-the-market,642983006424WS1.0ZQ,06429830064244,,,,matches existing DLinRT product Workspace+,https://ec.europa.eu/tools/eudamed/api/devices/udiDiData?page=0&pageSize=300&size=300&languageIso2Code=en&cndCode=Z11010292,https://ec.europa.eu/tools/eudamed/api/devices/basicUdiData/udiDiData/d9c8c738-2aba-4076-b8b6-3c703868a455
Z1101,RADIOTHERAPY AND RADIOSURGERY INSTRUMENTS,Z11010482,RADIOTHERAPY TREATMENT PLANNING INSTRUMENTS - SOFTWARE ACCESSORIES,catalogue-match,spectronic-mriplanner,MRI Planner,MRI Planner,,,Spectronic Medical AB,SE-MF-000024476,class-iib,,on-the-market,B-07350097430017,07350097430017,,,,matches existing DLinRT product MRI Planner,https://ec.europa.eu/tools/eudamed/api/devices/udiDiData?page=0&pageSize=300&size=300&languageIso2Code=en&cndCode=Z11010482,https://ec.europa.eu/tools/eudamed/api/devices/basicUdiData/udiDiData/ee75f243-921f-45ae-bb99-bdea40bc9a24
Z1101,RADIOTHERAPY AND RADIOSURGERY INSTRUMENTS,Z11010192,LINEAR ACCELERATORS - MEDICAL DEVICE SOFTWARE,catalogue-match,plan-ai,Plan AI,Plan AI,,,Sun Nuclear Corporation,US-MF-000020245,class-iib,,on-the-market,506060888PlanAIXR,05060608881574,,,,matches existing DLinRT product Plan AI,https://ec.europa.eu/tools/eudamed/api/devices/udiDiData?page=0&pageSize=300&size=300&languageIso2Code=en&cndCode=Z11010192,https://ec.europa.eu/tools/eudamed/api/devices/basicUdiData/udiDiData/ed5594c0-de75-4fb6-a37d-e22c3a48e43b
Z1101,RADIOTHERAPY AND RADIOSURGERY INSTRUMENTS,Z11010482,RADIOTHERAPY TREATMENT PLANNING INSTRUMENTS - SOFTWARE ACCESSORIES,catalogue-match,therapanacea-art-plan,ART-Plan+,ART-Plan,,,THERAPANACEA,FR-MF-000007672,class-iib,,on-the-market,3770019940ARTPLANN4,03770019940006,,,,matches existing DLinRT product ART-Plan+,https://ec.europa.eu/tools/eudamed/api/devices/udiDiData?page=0&pageSize=300&size=300&languageIso2Code=en&cndCode=Z11010482,https://ec.europa.eu/tools/eudamed/api/devices/basicUdiData/udiDiData/6cfbc5ec-b3f8-4da1-a1f8-dde382f6aaa9
Z1101,RADIOTHERAPY AND RADIOSURGERY INSTRUMENTS,Z11010482,RADIOTHERAPY TREATMENT PLANNING INSTRUMENTS - SOFTWARE ACCESSORIES,catalogue-match,therapanacea-art-plan,ART-Plan+,ART-Plan,,,THERAPANACEA,FR-MF-000007672,class-iib,,on-the-market,3770019940ARTPLANV2QP,03770019940013,,,,matches existing DLinRT product ART-Plan+,https://ec.europa.eu/tools/eudamed/api/devices/udiDiData?page=0&pageSize=300&size=300&languageIso2Code=en&cndCode=Z11010482,https://ec.europa.eu/tools/eudamed/api/devices/basicUdiData/udiDiData/744f8dc6-885d-4cb5-912c-917f42cfa220
Z1101,RADIOTHERAPY AND RADIOSURGERY INSTRUMENTS,Z11010482,RADIOTHERAPY TREATMENT PLANNING INSTRUMENTS - SOFTWARE ACCESSORIES,catalogue-match,therapanacea-art-plan,ART-Plan+,ART-Plan,,,THERAPANACEA,FR-MF-000007672,class-iib,,on-the-market,3770019940020YB,03770019940020,,,,matches existing DLinRT product ART-Plan+,https://ec.europa.eu/tools/eudamed/api/devices/udiDiData?page=0&pageSize=300&size=300&languageIso2Code=en&cndCode=Z11010482,https://ec.europa.eu/tools/eudamed/api/devices/basicUdiData/udiDiData/fb38c69b-e563-4696-bd33-ebcb3172a943
Z1101,RADIOTHERAPY AND RADIOSURGERY INSTRUMENTS,Z11010401,RADIOTHERAPY TREATMENT PLANNING SYSTEMS,manual-review,,,Accuray Precision,,,Accuray Incorporated,US-MF-000010238,class-iib,,on-the-market,081137603PrecisionC3,00811376030221,,,,"Radiotherapy software record, but AI/deep-learning use is not disclosed in the EUDAMED row.",https://ec.europa.eu/tools/eudamed/api/devices/udiDiData?page=0&pageSize=300&size=300&languageIso2Code=en&cndCode=Z11010401,https://ec.europa.eu/tools/eudamed/api/devices/basicUdiData/udiDiData/7b19a27b-9107-4e77-bbe4-621e638a21f8
Z1101,RADIOTHERAPY AND RADIOSURGERY INSTRUMENTS,Z11019092,VARIOUS RADIOTHERAPY AND RADIOSURGERY INSTRUMENTS - MEDICAL DEVICE SOFTWARE,manual-review,,,Adapt LTE Powered by Cenos,,,Accuray Incorporated,US-MF-000010238,class-i,,on-the-market,081137603AdaptLTEP9,00811376030863,,,,"Radiotherapy software record, but AI/deep-learning use is not disclosed in the EUDAMED row.",https://ec.europa.eu/tools/eudamed/api/devices/udiDiData?page=0&pageSize=300&size=300&languageIso2Code=en&cndCode=Z11019092,https://ec.europa.eu/tools/eudamed/api/devices/basicUdiData/udiDiData/56901d4d-77ba-4554-9de1-3c843a53493d
Z1101,RADIOTHERAPY AND RADIOSURGERY INSTRUMENTS,Z11010392,BRACHYTHERAPY RADIATION SYSTEMS - MEDICAL DEVICE SOFTWARE,manual-review,,,3D Brachy Application,,,Adaptiiv Medical Technologies Inc.,CA-MF-000042710,class-i,,on-the-market,08600074023SoftwareEK,00860007402326,,,,"Radiotherapy software record, but AI/deep-learning use is not disclosed in the EUDAMED row.",https://ec.europa.eu/tools/eudamed/api/devices/udiDiData?page=0&pageSize=300&size=300&languageIso2Code=en&cndCode=Z11010392,https://ec.europa.eu/tools/eudamed/api/devices/basicUdiData/udiDiData/35402584-8be4-46e5-a5c7-f35afd8859ef
Z1101,RADIOTHERAPY AND RADIOSURGERY INSTRUMENTS,Z11010392,BRACHYTHERAPY RADIATION SYSTEMS - MEDICAL DEVICE SOFTWARE,manual-review,,,"SagiPlan® Treatment Planning System, preconfigured Notebook EN",,,BEBIG Medical GmbH,DE-MF-000012644,class-iib,,on-the-market,40659830002BC3,04065983000061,,,,"Radiotherapy software record, but AI/deep-learning use is not disclosed in the EUDAMED row.",https://ec.europa.eu/tools/eudamed/api/devices/udiDiData?page=0&pageSize=300&size=300&languageIso2Code=en&cndCode=Z11010392,https://ec.europa.eu/tools/eudamed/api/devices/basicUdiData/udiDiData/5f89620b-1df3-413a-b7f0-90c611298421
Z1101,RADIOTHERAPY AND RADIOSURGERY INSTRUMENTS,Z11010492,RADIOTHERAPY TREATMENT PLANNING INSTRUMENTS - MEDICAL DEVICE SOFTWARE,manual-review,,,"RT Elements - Cranial SRS w/ Cones, 3.0",,,Brainlab SE,DE-MF-000006183,class-iib,,on-the-market,B-04056481000530,04056481000530,,,,"Radiotherapy software record, but AI/deep-learning use is not disclosed in the EUDAMED row.",https://ec.europa.eu/tools/eudamed/api/devices/udiDiData?page=0&pageSize=300&size=300&languageIso2Code=en&cndCode=Z11010492,https://ec.europa.eu/tools/eudamed/api/devices/basicUdiData/udiDiData/79d15655-0a46-49ec-ab51-0f9e79e3bdfd
Z1101,RADIOTHERAPY AND RADIOSURGERY INSTRUMENTS,Z11010492,RADIOTHERAPY TREATMENT PLANNING INSTRUMENTS - MEDICAL DEVICE SOFTWARE,manual-review,,,"RT Elements - Cranial SRS, 3.0",,,Brainlab SE,DE-MF-000006183,class-iib,,on-the-market,B-04056481142100,04056481142100,,,,"Radiotherapy software record, but AI/deep-learning use is not disclosed in the EUDAMED row.",https://ec.europa.eu/tools/eudamed/api/devices/udiDiData?page=0&pageSize=300&size=300&languageIso2Code=en&cndCode=Z11010492,https://ec.europa.eu/tools/eudamed/api/devices/basicUdiData/udiDiData/12d99abb-fc46-41e3-9e32-66093d13892e
Z1101,RADIOTHERAPY AND RADIOSURGERY INSTRUMENTS,Z11010492,RADIOTHERAPY TREATMENT PLANNING INSTRUMENTS - MEDICAL DEVICE SOFTWARE,manual-review,,,"RT Elements - Dose Review, 3.0",,,Brainlab SE,DE-MF-000006183,class-iib,,on-the-market,B-04056481142131,04056481142131,,,,"Radiotherapy software record, but AI/deep-learning use is not disclosed in the EUDAMED row.",https://ec.europa.eu/tools/eudamed/api/devices/udiDiData?page=0&pageSize=300&size=300&languageIso2Code=en&cndCode=Z11010492,https://ec.europa.eu/tools/eudamed/api/devices/basicUdiData/udiDiData/20d0b348-2acf-4b7e-bf9e-88b717d729b5
Z1101,RADIOTHERAPY AND RADIOSURGERY INSTRUMENTS,Z11010492,RADIOTHERAPY TREATMENT PLANNING INSTRUMENTS - MEDICAL DEVICE SOFTWARE,manual-review,,,"RT Elements - Multiple Brain Mets SRS, 3.0",,,Brainlab SE,DE-MF-000006183,class-iib,,on-the-market,B-04056481142094,04056481142094,,,,"Radiotherapy software record, but AI/deep-learning use is not disclosed in the EUDAMED row.",https://ec.europa.eu/tools/eudamed/api/devices/udiDiData?page=0&pageSize=300&size=300&languageIso2Code=en&cndCode=Z11010492,https://ec.europa.eu/tools/eudamed/api/devices/basicUdiData/udiDiData/5d4d6dee-b84e-4ed1-b042-cbb0a8734a6f
Z1101,RADIOTHERAPY AND RADIOSURGERY INSTRUMENTS,Z11010492,RADIOTHERAPY TREATMENT PLANNING INSTRUMENTS - MEDICAL DEVICE SOFTWARE,manual-review,,,"RT Elements - RT QA, 3.0",,,Brainlab SE,DE-MF-000006183,class-iib,,on-the-market,B-04056481142124,04056481142124,,,,"Radiotherapy software record, but AI/deep-learning use is not disclosed in the EUDAMED row.",https://ec.europa.eu/tools/eudamed/api/devices/udiDiData?page=0&pageSize=300&size=300&languageIso2Code=en&cndCode=Z11010492,https://ec.europa.eu/tools/eudamed/api/devices/basicUdiData/udiDiData/a154df41-4a18-4414-8201-cadfcca3f1c4
Z1101,RADIOTHERAPY AND RADIOSURGERY INSTRUMENTS,Z11010492,RADIOTHERAPY TREATMENT PLANNING INSTRUMENTS - MEDICAL DEVICE SOFTWARE,manual-review,,,"RT Elements - Spine SRS, 3.0",,,Brainlab SE,DE-MF-000006183,class-iib,,on-the-market,B-04056481142117,04056481142117,,,,"Radiotherapy software record, but AI/deep-learning use is not disclosed in the EUDAMED row.",https://ec.europa.eu/tools/eudamed/api/devices/udiDiData?page=0&pageSize=300&size=300&languageIso2Code=en&cndCode=Z11010492,https://ec.europa.eu/tools/eudamed/api/devices/basicUdiData/udiDiData/388ade9b-1af9-4590-8106-d038b5ca2342
Z1101,RADIOTHERAPY AND RADIOSURGERY INSTRUMENTS,Z11010492,RADIOTHERAPY TREATMENT PLANNING INSTRUMENTS - MEDICAL DEVICE SOFTWARE,manual-review,,,"RT Elements, 4.7",,,Brainlab SE,DE-MF-000006183,class-iib,,on-the-market,4056481RTElementsW8,04056481147945,,,,"Radiotherapy software record, but AI/deep-learning use is not disclosed in the EUDAMED row.",https://ec.europa.eu/tools/eudamed/api/devices/udiDiData?page=0&pageSize=300&size=300&languageIso2Code=en&cndCode=Z11010492,https://ec.europa.eu/tools/eudamed/api/devices/basicUdiData/udiDiData/c2e4a9b6-4e3f-4e09-bbb5-9f639098bc93
Z1101,RADIOTHERAPY AND RADIOSURGERY INSTRUMENTS,Z11019092,VARIOUS RADIOTHERAPY AND RADIOSURGERY INSTRUMENTS - MEDICAL DEVICE SOFTWARE,manual-review,,,EPIbeam,,,DOSISOFT,FR-MF-000014706,class-iib,,on-the-market,B-+B501THINKQA0100060,+B501THINKQA0100060,,,,"Radiotherapy software record, but AI/deep-learning use is not disclosed in the EUDAMED row.",https://ec.europa.eu/tools/eudamed/api/devices/udiDiData?page=0&pageSize=300&size=300&languageIso2Code=en&cndCode=Z11019092,https://ec.europa.eu/tools/eudamed/api/devices/basicUdiData/udiDiData/f97ab04f-00e4-4328-8760-fe7dcf44fd3d
Z1101,RADIOTHERAPY AND RADIOSURGERY INSTRUMENTS,Z11019092,VARIOUS RADIOTHERAPY AND RADIOSURGERY INSTRUMENTS - MEDICAL DEVICE SOFTWARE,manual-review,,,EPIgray,,,DOSISOFT,FR-MF-000014706,class-iib,,on-the-market,B-+B501EPIGRAY0200100,+B501EPIGRAY0200100,,,,"Radiotherapy software record, but AI/deep-learning use is not disclosed in the EUDAMED row.",https://ec.europa.eu/tools/eudamed/api/devices/udiDiData?page=0&pageSize=300&size=300&languageIso2Code=en&cndCode=Z11019092,https://ec.europa.eu/tools/eudamed/api/devices/basicUdiData/udiDiData/68cea146-b19d-4335-a82a-48ce2da20551
Z1101,RADIOTHERAPY AND RADIOSURGERY INSTRUMENTS,Z11010401,RADIOTHERAPY TREATMENT PLANNING SYSTEMS,manual-review,,,ISOgray,,,DOSISOFT,FR-MF-000014706,class-iib,,on-the-market,B-+B501ISOGRAY0403010,+B501ISOGRAY0403010,,,,"Radiotherapy software record, but AI/deep-learning use is not disclosed in the EUDAMED row.",https://ec.europa.eu/tools/eudamed/api/devices/udiDiData?page=0&pageSize=300&size=300&languageIso2Code=en&cndCode=Z11010401,https://ec.europa.eu/tools/eudamed/api/devices/basicUdiData/udiDiData/cb317912-339c-4133-a7b8-6bbd275feb04
Z1101,RADIOTHERAPY AND RADIOSURGERY INSTRUMENTS,Z11019092,VARIOUS RADIOTHERAPY AND RADIOSURGERY INSTRUMENTS - MEDICAL DEVICE SOFTWARE,manual-review,,,MU2net,,,DOSISOFT,FR-MF-000014706,class-i,,on-the-market,B-+B501MU2NET0201010,+B501MU2NET0201010,,,,"Radiotherapy software record, but AI/deep-learning use is not disclosed in the EUDAMED row.",https://ec.europa.eu/tools/eudamed/api/devices/udiDiData?page=0&pageSize=300&size=300&languageIso2Code=en&cndCode=Z11019092,https://ec.europa.eu/tools/eudamed/api/devices/basicUdiData/udiDiData/cf88bb03-b469-4f4f-8186-d7efce1a57f2
Z1101,RADIOTHERAPY AND RADIOSURGERY INSTRUMENTS,Z11019092,VARIOUS RADIOTHERAPY AND RADIOSURGERY INSTRUMENTS - MEDICAL DEVICE SOFTWARE,manual-review,,,ThinkQA Edition 2,,,DOSISOFT,FR-MF-000014706,class-i,,on-the-market,++B501THINKQA0200000RP,+B501THINKQA0200020,,,,"Radiotherapy software record, but AI/deep-learning use is not disclosed in the EUDAMED row.",https://ec.europa.eu/tools/eudamed/api/devices/udiDiData?page=0&pageSize=300&size=300&languageIso2Code=en&cndCode=Z11019092,https://ec.europa.eu/tools/eudamed/api/devices/basicUdiData/udiDiData/4cd72a66-cfda-4dc9-ba11-7d1297b13d2b
Z1101,RADIOTHERAPY AND RADIOSURGERY INSTRUMENTS,Z11010292,INSTRUMENTS FOR RADIOTHERAPY SIMULATION - MEDICAL DEVICE SOFTWARE,manual-review,,,EBS Preoperative planning software,,,Ekliptik razvoj in svetovanje d.o.o.,SI-MF-000001172,class-i,,on-the-market,B-03830061890954,03830061890954,,,,"Radiotherapy software record, but AI/deep-learning use is not disclosed in the EUDAMED row.",https://ec.europa.eu/tools/eudamed/api/devices/udiDiData?page=0&pageSize=300&size=300&languageIso2Code=en&cndCode=Z11010292,https://ec.europa.eu/tools/eudamed/api/devices/basicUdiData/udiDiData/4b3d5ac1-275c-4c8f-8346-1870d5bbdaa1
Z1101,RADIOTHERAPY AND RADIOSURGERY INSTRUMENTS,Z11010782,RADIOSURGERY INSTRUMENTS - SOFTWARE ACCESSORIES,manual-review,,,Leksell GammaPlan 11.5,,,Elekta Solutions AB,SE-MF-000002125,class-iib,,on-the-market,073400483BUDI000000001ZQ,07340201503898,,,,"Radiotherapy software record, but AI/deep-learning use is not disclosed in the EUDAMED row.",https://ec.europa.eu/tools/eudamed/api/devices/udiDiData?page=0&pageSize=300&size=300&languageIso2Code=en&cndCode=Z11010782,https://ec.europa.eu/tools/eudamed/api/devices/basicUdiData/udiDiData/9ebde251-2d9b-4a3a-8ab5-3678e111d393
Z1101,RADIOTHERAPY AND RADIOSURGERY INSTRUMENTS,Z11010401,RADIOTHERAPY TREATMENT PLANNING SYSTEMS,manual-review,,,Monaco RTP System,,,Elekta Solutions AB,SE-MF-000002125,class-iib,,on-the-market,00858164002BUDI0000002H9,07340201500118,,,,"Radiotherapy software record, but AI/deep-learning use is not disclosed in the EUDAMED row.",https://ec.europa.eu/tools/eudamed/api/devices/udiDiData?page=0&pageSize=300&size=300&languageIso2Code=en&cndCode=Z11010401,https://ec.europa.eu/tools/eudamed/api/devices/basicUdiData/udiDiData/c734a074-80d9-4098-9b2e-d1aab68ac818
Z1101,RADIOTHERAPY AND RADIOSURGERY INSTRUMENTS,Z11010492,RADIOTHERAPY TREATMENT PLANNING INSTRUMENTS - MEDICAL DEVICE SOFTWARE,manual-review,,,Oncentra Brachy,,,Elekta Solutions AB,SE-MF-000002125,class-iib,,on-the-market,073402015BUDI000000030PE,07340201503966,,,,"Radiotherapy software record, but AI/deep-learning use is not disclosed in the EUDAMED row.",https://ec.europa.eu/tools/eudamed/api/devices/udiDiData?page=0&pageSize=300&size=300&languageIso2Code=en&cndCode=Z11010492,https://ec.europa.eu/tools/eudamed/api/devices/basicUdiData/udiDiData/4a6288a5-7c55-4e59-a15e-168c8a210323
Z1101,RADIOTHERAPY AND RADIOSURGERY INSTRUMENTS,Z11010401,RADIOTHERAPY TREATMENT PLANNING SYSTEMS,manual-review,,,radiance v4,,,GMV SOLUCIONES GLOBALES INERNET S.A.U.,ES-MF-000000685,class-iib,,on-the-market,B-08436567540017,08436567540017,,,,"Radiotherapy software record, but AI/deep-learning use is not disclosed in the EUDAMED row.",https://ec.europa.eu/tools/eudamed/api/devices/udiDiData?page=0&pageSize=300&size=300&languageIso2Code=en&cndCode=Z11010401,https://ec.europa.eu/tools/eudamed/api/devices/basicUdiData/udiDiData/bad7bd6c-401b-4698-b6c2-99a5bb5b85a2
Z1101,RADIOTHERAPY AND RADIOSURGERY INSTRUMENTS,Z11010401,RADIOTHERAPY TREATMENT PLANNING SYSTEMS,manual-review,,,Radiance v5,,,GMV SOLUCIONES GLOBALES INERNET S.A.U.,ES-MF-000000685,class-iib,,on-the-market,843656754RADIANCEA2,08436567540024,,,,"Radiotherapy software record, but AI/deep-learning use is not disclosed in the EUDAMED row.",https://ec.europa.eu/tools/eudamed/api/devices/udiDiData?page=0&pageSize=300&size=300&languageIso2Code=en&cndCode=Z11010401,https://ec.europa.eu/tools/eudamed/api/devices/basicUdiData/udiDiData/693e5748-1dfb-44c5-9071-1abc2b7d9655
Z1101,RADIOTHERAPY AND RADIOSURGERY INSTRUMENTS,Z11019082,VARIOUS RADIOTHERAPY AND RADIOSURGERY INSTRUMENTS - SOFTWARE ACCESSORIES,manual-review,,,,,,Ion Beam Applications SA,BE-PR-000050794,class-iib,,on-the-market,54040138IBA-PTC-00PN,05404013851010,,,,"Radiotherapy software record, but AI/deep-learning use is not disclosed in the EUDAMED row.",https://ec.europa.eu/tools/eudamed/api/devices/udiDiData?page=0&pageSize=300&size=300&languageIso2Code=en&cndCode=Z11019082,https://ec.europa.eu/tools/eudamed/api/devices/basicUdiData/udiDiData/5b0cc575-367e-4843-b51c-44e28419a7ef
Z1101,RADIOTHERAPY AND RADIOSURGERY INSTRUMENTS,Z11010492,RADIOTHERAPY TREATMENT PLANNING INSTRUMENTS - MEDICAL DEVICE SOFTWARE,manual-review,,,4SeePlan,,,Linearbeam srl,IT-MF-000029516,class-iib,,no-longer-on-the-market,805361401TPS0017Y,80536140100042,,,,"Radiotherapy software record, but AI/deep-learning use is not disclosed in the EUDAMED row.",https://ec.europa.eu/tools/eudamed/api/devices/udiDiData?page=0&pageSize=300&size=300&languageIso2Code=en&cndCode=Z11010492,https://ec.europa.eu/tools/eudamed/api/devices/basicUdiData/udiDiData/b82591bb-b9f3-4f86-912c-4385c72663a9
Z1101,RADIOTHERAPY AND RADIOSURGERY INSTRUMENTS,Z11010492,RADIOTHERAPY TREATMENT PLANNING INSTRUMENTS - MEDICAL DEVICE SOFTWARE,manual-review,,,MRIA,,,"Manteia Technologies Co., Ltd.",CN-MF-000023911,class-iia,,on-the-market,697312740MRIALG,06973127400074,,,,"Radiotherapy software record, but AI/deep-learning use is not disclosed in the EUDAMED row.",https://ec.europa.eu/tools/eudamed/api/devices/udiDiData?page=0&pageSize=300&size=300&languageIso2Code=en&cndCode=Z11010492,https://ec.europa.eu/tools/eudamed/api/devices/basicUdiData/udiDiData/54a467b4-db2e-4cef-8ad8-e70501379832
Z1101,RADIOTHERAPY AND RADIOSURGERY INSTRUMENTS,Z11010401,RADIOTHERAPY TREATMENT PLANNING SYSTEMS,manual-review,,,Pinnacle3®,,,"Philips Medical Systems (Cleveland), Inc.",US-MF-000008701,class-iib,,on-the-market,B-00884838102965,00884838102965,,,,"Radiotherapy software record, but AI/deep-learning use is not disclosed in the EUDAMED row.",https://ec.europa.eu/tools/eudamed/api/devices/udiDiData?page=0&pageSize=300&size=300&languageIso2Code=en&cndCode=Z11010401,https://ec.europa.eu/tools/eudamed/api/devices/basicUdiData/udiDiData/2eb3c7ea-3ee6-4dcf-9c20-a9119971707e
Z1101,RADIOTHERAPY AND RADIOSURGERY INSTRUMENTS,Z11010182,LINEAR ACCELERATORS - SOFTWARE ACCESSORIES,manual-review,,,,,,Radiochromic S.L.,ES-MF-000001178,class-i,,no-longer-on-the-market,++B9875X1RN,B9875X10,,,,"Radiotherapy software record, but AI/deep-learning use is not disclosed in the EUDAMED row.",https://ec.europa.eu/tools/eudamed/api/devices/udiDiData?page=0&pageSize=300&size=300&languageIso2Code=en&cndCode=Z11010182,https://ec.europa.eu/tools/eudamed/api/devices/basicUdiData/udiDiData/7a255ff7-6e4d-44a1-9f44-f0f4c997ef62
Z1101,RADIOTHERAPY AND RADIOSURGERY INSTRUMENTS,Z11010182,LINEAR ACCELERATORS - SOFTWARE ACCESSORIES,manual-review,,,,,,Radiochromic S.L.,ES-MF-000001178,class-i,,on-the-market,++B9876X0RR,B9876X00,,,,"Radiotherapy software record, but AI/deep-learning use is not disclosed in the EUDAMED row.",https://ec.europa.eu/tools/eudamed/api/devices/udiDiData?page=0&pageSize=300&size=300&languageIso2Code=en&cndCode=Z11010182,https://ec.europa.eu/tools/eudamed/api/devices/basicUdiData/udiDiData/002e4b97-09c7-4639-b6bd-a8a6fa72536a
Z1101,RADIOTHERAPY AND RADIOSURGERY INSTRUMENTS,Z11010182,LINEAR ACCELERATORS - SOFTWARE ACCESSORIES,manual-review,,,,,,Radiochromic S.L.,ES-MF-000001178,class-i,,no-longer-on-the-market,++B9875X0RL,B9875X00,,,,"Radiotherapy software record, but AI/deep-learning use is not disclosed in the EUDAMED row.",https://ec.europa.eu/tools/eudamed/api/devices/udiDiData?page=0&pageSize=300&size=300&languageIso2Code=en&cndCode=Z11010182,https://ec.europa.eu/tools/eudamed/api/devices/basicUdiData/udiDiData/5cc6f6b2-6419-49b9-a45b-e78761b50e72
Z1101,RADIOTHERAPY AND RADIOSURGERY INSTRUMENTS,Z11010182,LINEAR ACCELERATORS - SOFTWARE ACCESSORIES,manual-review,,,,,,Radiochromic S.L.,ES-MF-000001178,class-i,,no-longer-on-the-market,++B9874X0RF,B9874X00,,,,"Radiotherapy software record, but AI/deep-learning use is not disclosed in the EUDAMED row.",https://ec.europa.eu/tools/eudamed/api/devices/udiDiData?page=0&pageSize=300&size=300&languageIso2Code=en&cndCode=Z11010182,https://ec.europa.eu/tools/eudamed/api/devices/basicUdiData/udiDiData/8b7acb89-efe9-4941-a73b-a3ad3adf8d5f
Z1101,RADIOTHERAPY AND RADIOSURGERY INSTRUMENTS,Z11010182,LINEAR ACCELERATORS - SOFTWARE ACCESSORIES,manual-review,,,,,,Radiochromic S.L.,ES-MF-000001178,class-i,,no-longer-on-the-market,++B9873X4RJ,B9873X40,,,,"Radiotherapy software record, but AI/deep-learning use is not disclosed in the EUDAMED row.",https://ec.europa.eu/tools/eudamed/api/devices/udiDiData?page=0&pageSize=300&size=300&languageIso2Code=en&cndCode=Z11010182,https://ec.europa.eu/tools/eudamed/api/devices/basicUdiData/udiDiData/1a57bc38-27f8-40f7-8474-221296340325
Z1101,RADIOTHERAPY AND RADIOSURGERY INSTRUMENTS,Z11019082,VARIOUS RADIOTHERAPY AND RADIOSURGERY INSTRUMENTS - SOFTWARE ACCESSORIES,manual-review,,,RayCare v2026,,,RAYSEARCH LABORATORIES AB (PUBL),SE-MF-000001908,class-iib,,on-the-market,73500020106HJ,07350002011065,,,,"Radiotherapy software record, but AI/deep-learning use is not disclosed in the EUDAMED row.",https://ec.europa.eu/tools/eudamed/api/devices/udiDiData?page=0&pageSize=300&size=300&languageIso2Code=en&cndCode=Z11019082,https://ec.europa.eu/tools/eudamed/api/devices/basicUdiData/udiDiData/89c16cb4-1124-4703-8796-86ec9be75429
Z1101,RADIOTHERAPY AND RADIOSURGERY INSTRUMENTS,Z11019082,VARIOUS RADIOTHERAPY AND RADIOSURGERY INSTRUMENTS - SOFTWARE ACCESSORIES,manual-review,,,RayStation 2023B,,,RAYSEARCH LABORATORIES AB (PUBL),SE-MF-000001908,class-iib,,on-the-market,73500020101H8,07350002010556,,,,"Radiotherapy software record, but AI/deep-learning use is not disclosed in the EUDAMED row.",https://ec.europa.eu/tools/eudamed/api/devices/udiDiData?page=0&pageSize=300&size=300&languageIso2Code=en&cndCode=Z11019082,https://ec.europa.eu/tools/eudamed/api/devices/basicUdiData/udiDiData/86ca03ac-cd17-49da-8a75-06042cee9ea0
Z1101,RADIOTHERAPY AND RADIOSURGERY INSTRUMENTS,Z11019082,VARIOUS RADIOTHERAPY AND RADIOSURGERY INSTRUMENTS - SOFTWARE ACCESSORIES,manual-review,,,RayStation v2025 SPC2,,,RAYSEARCH LABORATORIES AB (PUBL),SE-MF-000001908,class-iib,,on-the-market,73500020105HG,07350002011058,,,,"Radiotherapy software record, but AI/deep-learning use is not disclosed in the EUDAMED row.",https://ec.europa.eu/tools/eudamed/api/devices/udiDiData?page=0&pageSize=300&size=300&languageIso2Code=en&cndCode=Z11019082,https://ec.europa.eu/tools/eudamed/api/devices/basicUdiData/udiDiData/4b80a171-4967-4fab-afef-6b063ca0bbc6
Z1101,RADIOTHERAPY AND RADIOSURGERY INSTRUMENTS,Z11010192,LINEAR ACCELERATORS - MEDICAL DEVICE SOFTWARE,manual-review,,,,,,"Shanghai United Imaging Healthcare Co.,Ltd.",CN-MF-000008501,class-iib,,on-the-market,697157683522NP,06971576835225,,,,"Radiotherapy software record, but AI/deep-learning use is not disclosed in the EUDAMED row.",https://ec.europa.eu/tools/eudamed/api/devices/udiDiData?page=0&pageSize=300&size=300&languageIso2Code=en&cndCode=Z11010192,https://ec.europa.eu/tools/eudamed/api/devices/basicUdiData/udiDiData/ee590eee-4be9-4ffe-9b6e-b37abf203c2a
Z1101,RADIOTHERAPY AND RADIOSURGERY INSTRUMENTS,Z11010192,LINEAR ACCELERATORS - MEDICAL DEVICE SOFTWARE,manual-review,,,,,,"Shanghai United Imaging Healthcare Co.,Ltd.",CN-MF-000008501,class-iib,,on-the-market,697157683521NM,06971576835218,,,,"Radiotherapy software record, but AI/deep-learning use is not disclosed in the EUDAMED row.",https://ec.europa.eu/tools/eudamed/api/devices/udiDiData?page=0&pageSize=300&size=300&languageIso2Code=en&cndCode=Z11010192,https://ec.europa.eu/tools/eudamed/api/devices/basicUdiData/udiDiData/ce8ca660-0ef2-406e-b755-c5de782e0c9e
Z1101,RADIOTHERAPY AND RADIOSURGERY INSTRUMENTS,Z11010182,LINEAR ACCELERATORS - SOFTWARE ACCESSORIES,manual-review,,,Adaptivo,,,"Standard Imaging, Inc.",US-MF-000009855,class-i,,on-the-market,08665620002ADAPTIVONV,00866562000243,,,,"Radiotherapy software record, but AI/deep-learning use is not disclosed in the EUDAMED row.",https://ec.europa.eu/tools/eudamed/api/devices/udiDiData?page=0&pageSize=300&size=300&languageIso2Code=en&cndCode=Z11010182,https://ec.europa.eu/tools/eudamed/api/devices/basicUdiData/udiDiData/a654c6cc-e647-4da5-9528-c61a96cacc9b
Z1101,RADIOTHERAPY AND RADIOSURGERY INSTRUMENTS,Z11019082,VARIOUS RADIOTHERAPY AND RADIOSURGERY INSTRUMENTS - SOFTWARE ACCESSORIES,manual-review,,,Exradin A30,,,"Standard Imaging, Inc.",US-MF-000009855,class-i,,on-the-market,0850019946EXRADINICL5,00850019946666,,,,"Radiotherapy software record, but AI/deep-learning use is not disclosed in the EUDAMED row.",https://ec.europa.eu/tools/eudamed/api/devices/udiDiData?page=0&pageSize=300&size=300&languageIso2Code=en&cndCode=Z11019082,https://ec.europa.eu/tools/eudamed/api/devices/basicUdiData/udiDiData/0d889dbb-8975-462b-abe3-16debed7d333
Z1101,RADIOTHERAPY AND RADIOSURGERY INSTRUMENTS,Z11010182,LINEAR ACCELERATORS - SOFTWARE ACCESSORIES,manual-review,,,IMSure,,,"Standard Imaging, Inc.",US-MF-000009855,class-i,,not-intended-for-eu-market,08665620002IMSURE8S,00850019946604,,,,"Radiotherapy software record, but AI/deep-learning use is not disclosed in the EUDAMED row.",https://ec.europa.eu/tools/eudamed/api/devices/udiDiData?page=0&pageSize=300&size=300&languageIso2Code=en&cndCode=Z11010182,https://ec.europa.eu/tools/eudamed/api/devices/basicUdiData/udiDiData/c4957c36-c090-411b-9f05-d03abd3837c5
Z1101,RADIOTHERAPY AND RADIOSURGERY INSTRUMENTS,Z11010182,LINEAR ACCELERATORS - SOFTWARE ACCESSORIES,manual-review,,,LinacView,,,"Standard Imaging, Inc.",US-MF-000009855,class-i,,on-the-market,08665620002LINACVIEWHF,00866562000267,,,,"Radiotherapy software record, but AI/deep-learning use is not disclosed in the EUDAMED row.",https://ec.europa.eu/tools/eudamed/api/devices/udiDiData?page=0&pageSize=300&size=300&languageIso2Code=en&cndCode=Z11010182,https://ec.europa.eu/tools/eudamed/api/devices/basicUdiData/udiDiData/a8bde1b8-a207-417e-855c-3ebaad329c64
Z1101,RADIOTHERAPY AND RADIOSURGERY INSTRUMENTS,Z11019082,VARIOUS RADIOTHERAPY AND RADIOSURGERY INSTRUMENTS - SOFTWARE ACCESSORIES,manual-review,,,MAX SD Electrometer,,,"Standard Imaging, Inc.",US-MF-000009855,class-i,,on-the-market,0850019946EMETERSCINTIAU,00850019946109,,,,"Radiotherapy software record, but AI/deep-learning use is not disclosed in the EUDAMED row.",https://ec.europa.eu/tools/eudamed/api/devices/udiDiData?page=0&pageSize=300&size=300&languageIso2Code=en&cndCode=Z11019082,https://ec.europa.eu/tools/eudamed/api/devices/basicUdiData/udiDiData/5f4cb99e-20e6-47db-8405-a05bdfa59fbe
Z1101,RADIOTHERAPY AND RADIOSURGERY INSTRUMENTS,Z11010182,LINEAR ACCELERATORS - SOFTWARE ACCESSORIES,manual-review,,,PIPSpro,,,"Standard Imaging, Inc.",US-MF-000009855,class-i,,on-the-market,08665620002PIPSPROPX,00866562000236,,,,"Radiotherapy software record, but AI/deep-learning use is not disclosed in the EUDAMED row.",https://ec.europa.eu/tools/eudamed/api/devices/udiDiData?page=0&pageSize=300&size=300&languageIso2Code=en&cndCode=Z11010182,https://ec.europa.eu/tools/eudamed/api/devices/basicUdiData/udiDiData/5519544e-38fc-4250-9526-405d0d343cbd
Z1101,RADIOTHERAPY AND RADIOSURGERY INSTRUMENTS,Z11010182,LINEAR ACCELERATORS - SOFTWARE ACCESSORIES,manual-review,,,QA Pilot,,,"Standard Imaging, Inc.",US-MF-000009855,class-i,,on-the-market,08665620002QAPILOTJF,00866562000298,,,,"Radiotherapy software record, but AI/deep-learning use is not disclosed in the EUDAMED row.",https://ec.europa.eu/tools/eudamed/api/devices/udiDiData?page=0&pageSize=300&size=300&languageIso2Code=en&cndCode=Z11010182,https://ec.europa.eu/tools/eudamed/api/devices/basicUdiData/udiDiData/4fcf4ec2-64e1-46c1-a24e-c5f516cd9e7f
Z1101,RADIOTHERAPY AND RADIOSURGERY INSTRUMENTS,Z11019082,VARIOUS RADIOTHERAPY AND RADIOSURGERY INSTRUMENTS - SOFTWARE ACCESSORIES,manual-review,,,SuperMAX,,,"Standard Imaging, Inc.",US-MF-000009855,class-i,,no-longer-on-the-market,0850019946ELECTROMETER7L,00850019946093,,,,"Radiotherapy software record, but AI/deep-learning use is not disclosed in the EUDAMED row.",https://ec.europa.eu/tools/eudamed/api/devices/udiDiData?page=0&pageSize=300&size=300&languageIso2Code=en&cndCode=Z11019082,https://ec.europa.eu/tools/eudamed/api/devices/basicUdiData/udiDiData/906b7c6b-7aae-4a27-bba0-827e30b7a018
Z1101,RADIOTHERAPY AND RADIOSURGERY INSTRUMENTS,Z11019082,VARIOUS RADIOTHERAPY AND RADIOSURGERY INSTRUMENTS - SOFTWARE ACCESSORIES,manual-review,,,TomoScanner,,,"Standard Imaging, Inc.",US-MF-000009855,class-i,,on-the-market,0850019946WATERTANKU9,00850019946499,,,,"Radiotherapy software record, but AI/deep-learning use is not disclosed in the EUDAMED row.",https://ec.europa.eu/tools/eudamed/api/devices/udiDiData?page=0&pageSize=300&size=300&languageIso2Code=en&cndCode=Z11019082,https://ec.europa.eu/tools/eudamed/api/devices/basicUdiData/udiDiData/e2390d2f-782f-45a7-8dcf-601a8621972f
Z1101,RADIOTHERAPY AND RADIOSURGERY INSTRUMENTS,Z11010192,LINEAR ACCELERATORS - MEDICAL DEVICE SOFTWARE,manual-review,,,SunCHECK,,,Sun Nuclear Corporation,US-MF-000020245,class-iib,,on-the-market,506060888SWSunCHECKTS,05060608880348,,,,"Radiotherapy software record, but AI/deep-learning use is not disclosed in the EUDAMED row.",https://ec.europa.eu/tools/eudamed/api/devices/udiDiData?page=0&pageSize=300&size=300&languageIso2Code=en&cndCode=Z11010192,https://ec.europa.eu/tools/eudamed/api/devices/basicUdiData/udiDiData/7f81e60f-a2d5-4401-ae21-7d2839ce0816
Z1101,RADIOTHERAPY AND RADIOSURGERY INSTRUMENTS,Z11010292,INSTRUMENTS FOR RADIOTHERAPY SIMULATION - MEDICAL DEVICE SOFTWARE,manual-review,,,,,,SYNAPTIQ TECHNOLOGIES SRL,RO-MF-000038617,class-iia,,on-the-market,42700043558MediqRT59,04270004355802,,,,"Radiotherapy software record, but AI/deep-learning use is not disclosed in the EUDAMED row.",https://ec.europa.eu/tools/eudamed/api/devices/udiDiData?page=0&pageSize=300&size=300&languageIso2Code=en&cndCode=Z11010292,https://ec.europa.eu/tools/eudamed/api/devices/basicUdiData/udiDiData/c846b994-10e9-4320-910a-0ac792169825
Z1101,RADIOTHERAPY AND RADIOSURGERY INSTRUMENTS,Z11010292,INSTRUMENTS FOR RADIOTHERAPY SIMULATION - MEDICAL DEVICE SOFTWARE,manual-review,,,InterVapor® Personalized Procedure Program (IP3®),,,"Uptake Medical Technology, Inc.",US-MF-000032755,class-iib,,on-the-market,B-00855644003067,00855644003067,,,,"Radiotherapy software record, but AI/deep-learning use is not disclosed in the EUDAMED row.",https://ec.europa.eu/tools/eudamed/api/devices/udiDiData?page=0&pageSize=300&size=300&languageIso2Code=en&cndCode=Z11010292,https://ec.europa.eu/tools/eudamed/api/devices/basicUdiData/udiDiData/6747306b-91ae-4797-83a8-64936448f2bc
Z1101,RADIOTHERAPY AND RADIOSURGERY INSTRUMENTS,Z11010401,RADIOTHERAPY TREATMENT PLANNING SYSTEMS,manual-review,,,ARIA Radiation Therapy Management,,,"Varian Medical Systems, Inc.",US-MF-000001784,class-iib,,on-the-market,089947500200119PV,00856100006318,,,,"Radiotherapy software record, but AI/deep-learning use is not disclosed in the EUDAMED row.",https://ec.europa.eu/tools/eudamed/api/devices/udiDiData?page=0&pageSize=300&size=300&languageIso2Code=en&cndCode=Z11010401,https://ec.europa.eu/tools/eudamed/api/devices/basicUdiData/udiDiData/453350d6-757d-490b-9e06-b26ae822a028
Z1101,RADIOTHERAPY AND RADIOSURGERY INSTRUMENTS,Z11010401,RADIOTHERAPY TREATMENT PLANNING SYSTEMS,manual-review,,,ARIA Radiation Therapy Management 15.6,,,"Varian Medical Systems, Inc.",US-MF-000001784,class-iib,,on-the-market,B-00856100006110,00856100006110,,,,"Radiotherapy software record, but AI/deep-learning use is not disclosed in the EUDAMED row.",https://ec.europa.eu/tools/eudamed/api/devices/udiDiData?page=0&pageSize=300&size=300&languageIso2Code=en&cndCode=Z11010401,https://ec.europa.eu/tools/eudamed/api/devices/basicUdiData/udiDiData/682f8fde-76d2-4c02-8b07-706fa1297593
Z1101,RADIOTHERAPY AND RADIOSURGERY INSTRUMENTS,Z11010401,RADIOTHERAPY TREATMENT PLANNING SYSTEMS,manual-review,,,Eclipse Treatment Planning System,,,"Varian Medical Systems, Inc.",US-MF-000001784,class-iib,,on-the-market,089947500200107PN,00855141006462,,,,"Radiotherapy software record, but AI/deep-learning use is not disclosed in the EUDAMED row.",https://ec.europa.eu/tools/eudamed/api/devices/udiDiData?page=0&pageSize=300&size=300&languageIso2Code=en&cndCode=Z11010401,https://ec.europa.eu/tools/eudamed/api/devices/basicUdiData/udiDiData/b0f6d185-0291-4e60-8f1f-560f6181a4da
Z1101,RADIOTHERAPY AND RADIOSURGERY INSTRUMENTS,Z11010482,RADIOTHERAPY TREATMENT PLANNING INSTRUMENTS - SOFTWARE ACCESSORIES,manual-review,,,Eclipse Treatment Planning System 15.6,,,"Varian Medical Systems, Inc.",US-MF-000001784,class-iib,,on-the-market,B-00855141006066,00855141006066,,,,"Radiotherapy software record, but AI/deep-learning use is not disclosed in the EUDAMED row.",https://ec.europa.eu/tools/eudamed/api/devices/udiDiData?page=0&pageSize=300&size=300&languageIso2Code=en&cndCode=Z11010482,https://ec.europa.eu/tools/eudamed/api/devices/basicUdiData/udiDiData/1ef93eba-a891-4259-be9f-29067ae8e344
Z1101,RADIOTHERAPY AND RADIOSURGERY INSTRUMENTS,Z11010492,RADIOTHERAPY TREATMENT PLANNING INSTRUMENTS - MEDICAL DEVICE SOFTWARE,manual-review,,,Ethos Treatment Management,,,"Varian Medical Systems, Inc.",US-MF-000001784,class-iib,,on-the-market,089947500200117PR,00856100006271,,,,"Radiotherapy software record, but AI/deep-learning use is not disclosed in the EUDAMED row.",https://ec.europa.eu/tools/eudamed/api/devices/udiDiData?page=0&pageSize=300&size=300&languageIso2Code=en&cndCode=Z11010492,https://ec.europa.eu/tools/eudamed/api/devices/basicUdiData/udiDiData/2777f0ee-f2c9-470e-978d-06ad740299a9
Z1101,RADIOTHERAPY AND RADIOSURGERY INSTRUMENTS,Z11010401,RADIOTHERAPY TREATMENT PLANNING SYSTEMS,manual-review,,,Ethos Treatment Planning,,,"Varian Medical Systems, Inc.",US-MF-000001784,class-iib,,on-the-market,089947500200121PG,00856100006264,,,,"Radiotherapy software record, but AI/deep-learning use is not disclosed in the EUDAMED row.",https://ec.europa.eu/tools/eudamed/api/devices/udiDiData?page=0&pageSize=300&size=300&languageIso2Code=en&cndCode=Z11010401,https://ec.europa.eu/tools/eudamed/api/devices/basicUdiData/udiDiData/0f026889-4be1-445d-bd64-4d4b729b85fb
Z1101,RADIOTHERAPY AND RADIOSURGERY INSTRUMENTS,Z11010482,RADIOTHERAPY TREATMENT PLANNING INSTRUMENTS - SOFTWARE ACCESSORIES,manual-review,,,Mobius3D,,,"Varian Medical Systems, Inc.",US-MF-000001784,class-iib,,on-the-market,089947500200115PM,00850800006050,,,,"Radiotherapy software record, but AI/deep-learning use is not disclosed in the EUDAMED row.",https://ec.europa.eu/tools/eudamed/api/devices/udiDiData?page=0&pageSize=300&size=300&languageIso2Code=en&cndCode=Z11010482,https://ec.europa.eu/tools/eudamed/api/devices/basicUdiData/udiDiData/f36b18ac-99f1-4ffb-a2b2-2983419c9f3e
Z1101,RADIOTHERAPY AND RADIOSURGERY INSTRUMENTS,Z11010401,RADIOTHERAPY TREATMENT PLANNING SYSTEMS,manual-review,,,Varian Treatment,,,"Varian Medical Systems, Inc.",US-MF-000001784,class-iib,,on-the-market,089947500200123PL,00856104006000,,,,"Radiotherapy software record, but AI/deep-learning use is not disclosed in the EUDAMED row.",https://ec.europa.eu/tools/eudamed/api/devices/udiDiData?page=0&pageSize=300&size=300&languageIso2Code=en&cndCode=Z11010401,https://ec.europa.eu/tools/eudamed/api/devices/basicUdiData/udiDiData/0b61e31c-1c93-4dc0-879c-daebb4d912d7
Z1101,RADIOTHERAPY AND RADIOSURGERY INSTRUMENTS,Z11010182,LINEAR ACCELERATORS - SOFTWARE ACCESSORIES,manual-review,,,Varian Verification System,,,"Varian Medical Systems, Inc.",US-MF-000001784,class-iib,,on-the-market,089947500200125PQ,00856104006178,,,,"Radiotherapy software record, but AI/deep-learning use is not disclosed in the EUDAMED row.",https://ec.europa.eu/tools/eudamed/api/devices/udiDiData?page=0&pageSize=300&size=300&languageIso2Code=en&cndCode=Z11010182,https://ec.europa.eu/tools/eudamed/api/devices/basicUdiData/udiDiData/5a0fcaa9-23b6-4d81-95f8-22a097924212
Z1101,RADIOTHERAPY AND RADIOSURGERY INSTRUMENTS,Z11010482,RADIOTHERAPY TREATMENT PLANNING INSTRUMENTS - SOFTWARE ACCESSORIES,manual-review,,,VariSeed 10.0,,,"Varian Medical Systems, Inc.",US-MF-000001784,class-iib,,on-the-market,089947500201007PQ,00850800006067,,,,"Radiotherapy software record, but AI/deep-learning use is not disclosed in the EUDAMED row.",https://ec.europa.eu/tools/eudamed/api/devices/udiDiData?page=0&pageSize=300&size=300&languageIso2Code=en&cndCode=Z11010482,https://ec.europa.eu/tools/eudamed/api/devices/basicUdiData/udiDiData/cb2a3c4f-99b7-42d7-b971-3e9f8bcbc706
Z1101,RADIOTHERAPY AND RADIOSURGERY INSTRUMENTS,Z11010482,RADIOTHERAPY TREATMENT PLANNING INSTRUMENTS - SOFTWARE ACCESSORIES,manual-review,,,Vitesse 5.0,,,"Varian Medical Systems, Inc.",US-MF-000001784,class-iib,,on-the-market,089947500201006PN,00850800006074,,,,"Radiotherapy software record, but AI/deep-learning use is not disclosed in the EUDAMED row.",https://ec.europa.eu/tools/eudamed/api/devices/udiDiData?page=0&pageSize=300&size=300&languageIso2Code=en&cndCode=Z11010482,https://ec.europa.eu/tools/eudamed/api/devices/basicUdiData/udiDiData/25e31606-b73b-4604-b5ba-82d1fb67d421
Z1101,RADIOTHERAPY AND RADIOSURGERY INSTRUMENTS,Z11019082,VARIOUS RADIOTHERAPY AND RADIOSURGERY INSTRUMENTS - SOFTWARE ACCESSORIES,manual-review,,,Xstrahl XBeam Standalone Software v1.5.5,,,Xstrahl Limited,GB-MF-000031943,class-iib,,on-the-market,B-05060494200169,05060494200169,,,,"Radiotherapy software record, but AI/deep-learning use is not disclosed in the EUDAMED row.",https://ec.europa.eu/tools/eudamed/api/devices/udiDiData?page=0&pageSize=300&size=300&languageIso2Code=en&cndCode=Z11019082,https://ec.europa.eu/tools/eudamed/api/devices/basicUdiData/udiDiData/2a660b57-953c-4bdf-8ceb-4709476067e1
Z1104,ECHOGRAPHY INSTRUMENTS,Z11040192,ULTRASOUND SCANNERS - MEDICAL DEVICE SOFTWARE,out-of-scope,,,Aco Smartcare,,,"Aco Healthcare Co., Ltd.",TW-MF-000034057,class-iia,,on-the-market,471989096ApacheAppLM,04719890960108,,,,No disclosed AI/deep-learning radiotherapy function in the EUDAMED row.,https://ec.europa.eu/tools/eudamed/api/devices/udiDiData?page=0&pageSize=300&size=300&languageIso2Code=en&cndCode=Z11040192,https://ec.europa.eu/tools/eudamed/api/devices/basicUdiData/udiDiData/709aab48-067e-4234-80f4-3c419fc67092
Z1104,ECHOGRAPHY INSTRUMENTS,Z11049092,VARIOUS ULTRASOUND INSTRUMENTS - MEDICAL DEVICE SOFTWARE,out-of-scope,,,,,,Angiogenesis Analytics B.V.,NL-MF-000033108,class-iib,,on-the-market,0872089PCaVisionSW48,08720892067814,,,,No disclosed AI/deep-learning radiotherapy function in the EUDAMED row.,https://ec.europa.eu/tools/eudamed/api/devices/udiDiData?page=0&pageSize=300&size=300&languageIso2Code=en&cndCode=Z11049092,https://ec.europa.eu/tools/eudamed/api/devices/basicUdiData/udiDiData/68213c59-ada3-4099-914b-f7c982d521f8
Z1104,ECHOGRAPHY INSTRUMENTS,Z11040182,ULTRASOUND SCANNERS - SOFTWARE ACCESSORIES,out-of-scope,,,,,,"Caption Health, Inc.",US-MF-000022891,class-iia,,on-the-market,08600035863VSCAISM,00860003586341,,,,No disclosed AI/deep-learning radiotherapy function in the EUDAMED row.,https://ec.europa.eu/tools/eudamed/api/devices/udiDiData?page=0&pageSize=300&size=300&languageIso2Code=en&cndCode=Z11040182,https://ec.europa.eu/tools/eudamed/api/devices/basicUdiData/udiDiData/2e159e22-a92f-4170-9e01-34aec3fb3dd8
Z1104,ECHOGRAPHY INSTRUMENTS,Z11040182,ULTRASOUND SCANNERS - SOFTWARE ACCESSORIES,out-of-scope,,,Caption Guidance,,,"Caption Health, Inc.",US-MF-000022891,class-iia,,on-the-market,08600035863CAIMY,00860003586334,,,,No disclosed AI/deep-learning radiotherapy function in the EUDAMED row.,https://ec.europa.eu/tools/eudamed/api/devices/udiDiData?page=0&pageSize=300&size=300&languageIso2Code=en&cndCode=Z11040182,https://ec.europa.eu/tools/eudamed/api/devices/basicUdiData/udiDiData/cc8a9fb5-b033-40fa-bf28-5b58a3a36933
Z1104,ECHOGRAPHY INSTRUMENTS,Z11049092,VARIOUS ULTRASOUND INSTRUMENTS - MEDICAL DEVICE SOFTWARE,out-of-scope,,,Ophthalmic Ultrasound Examination Instrument SK-2000AP,,,"ChongQing SunKingdom Medical Instrument Co., Ltd.",CN-MF-000014351,class-iia,,on-the-market,69732110705OU9H,06973211071302,,,,No disclosed AI/deep-learning radiotherapy function in the EUDAMED row.,https://ec.europa.eu/tools/eudamed/api/devices/udiDiData?page=0&pageSize=300&size=300&languageIso2Code=en&cndCode=Z11049092,https://ec.europa.eu/tools/eudamed/api/devices/basicUdiData/udiDiData/b3faff85-26fd-48f6-b754-402987d13aea
Z1104,ECHOGRAPHY INSTRUMENTS,Z11040182,ULTRASOUND SCANNERS - SOFTWARE ACCESSORIES,out-of-scope,,,Clarius App - Android,,,Clarius Mobile Health Corp.,CA-MF-000037016,class-iia,,on-the-market,7540205ClariusScannerD5,07540205000403,,,,No disclosed AI/deep-learning radiotherapy function in the EUDAMED row.,https://ec.europa.eu/tools/eudamed/api/devices/udiDiData?page=0&pageSize=300&size=300&languageIso2Code=en&cndCode=Z11040182,https://ec.europa.eu/tools/eudamed/api/devices/basicUdiData/udiDiData/8b751d34-33f5-474a-b89d-d0069a9c5186
Z1104,ECHOGRAPHY INSTRUMENTS,Z11049092,VARIOUS ULTRASOUND INSTRUMENTS - MEDICAL DEVICE SOFTWARE,out-of-scope,,,OSIS Ovary,,,Fertoolity SL,ES-MF-000034274,class-iia,,on-the-market,8437024165OSIS7J,08437024165026,,,,No disclosed AI/deep-learning radiotherapy function in the EUDAMED row.,https://ec.europa.eu/tools/eudamed/api/devices/udiDiData?page=0&pageSize=300&size=300&languageIso2Code=en&cndCode=Z11049092,https://ec.europa.eu/tools/eudamed/api/devices/basicUdiData/udiDiData/c655e6a0-6d55-4173-bf04-6e9a391d8736
Z1104,ECHOGRAPHY INSTRUMENTS,Z11040192,ULTRASOUND SCANNERS - MEDICAL DEVICE SOFTWARE,out-of-scope,,,4D View 18,,,GE Healthcare Austria GmbH & Co OG,AT-MF-000001461,class-iia,,on-the-market,08406821BUG004647E,00840682137621,,,,No disclosed AI/deep-learning radiotherapy function in the EUDAMED row.,https://ec.europa.eu/tools/eudamed/api/devices/udiDiData?page=0&pageSize=300&size=300&languageIso2Code=en&cndCode=Z11040192,https://ec.europa.eu/tools/eudamed/api/devices/basicUdiData/udiDiData/90255246-6e33-4c34-8a63-c421c39b63db
Z1104,ECHOGRAPHY INSTRUMENTS,Z11040182,ULTRASOUND SCANNERS - SOFTWARE ACCESSORIES,out-of-scope,,,AutoAs,,,"GE Medical Systems Ultrasound and Primary Care Diagnostics, LLC",US-MF-000016119,class-iia,,on-the-market,08406821BUG006427E,00198953100509,,,,No disclosed AI/deep-learning radiotherapy function in the EUDAMED row.,https://ec.europa.eu/tools/eudamed/api/devices/udiDiData?page=0&pageSize=300&size=300&languageIso2Code=en&cndCode=Z11040182,https://ec.europa.eu/tools/eudamed/api/devices/basicUdiData/udiDiData/2173ca7b-5833-4aba-a680-b1b79afee271
Z1104,ECHOGRAPHY INSTRUMENTS,Z11040182,ULTRASOUND SCANNERS - SOFTWARE ACCESSORIES,out-of-scope,,,Caption AI,,,"GE Medical Systems Ultrasound and Primary Care Diagnostics, LLC",US-MF-000016119,class-iia,,on-the-market,08406821BUG005477K,00198953030233,,,,No disclosed AI/deep-learning radiotherapy function in the EUDAMED row.,https://ec.europa.eu/tools/eudamed/api/devices/udiDiData?page=0&pageSize=300&size=300&languageIso2Code=en&cndCode=Z11040182,https://ec.europa.eu/tools/eudamed/api/devices/basicUdiData/udiDiData/20c23a11-9cb2-4b9d-839e-32bbe0cacdab
Z1104,ECHOGRAPHY INSTRUMENTS,Z11040182,ULTRASOUND SCANNERS - SOFTWARE ACCESSORIES,out-of-scope,,,Caption Interpretation,,,"GE Medical Systems Ultrasound and Primary Care Diagnostics, LLC",US-MF-000016119,class-iia,,on-the-market,08406821BUG005487M,00198953038284,,,,No disclosed AI/deep-learning radiotherapy function in the EUDAMED row.,https://ec.europa.eu/tools/eudamed/api/devices/udiDiData?page=0&pageSize=300&size=300&languageIso2Code=en&cndCode=Z11040182,https://ec.europa.eu/tools/eudamed/api/devices/basicUdiData/udiDiData/9b7a091b-71ad-4dda-9b34-995aee567834
Z1104,ECHOGRAPHY INSTRUMENTS,Z11040192,ULTRASOUND SCANNERS - MEDICAL DEVICE SOFTWARE,out-of-scope,,,Invenia ABUS,,,"GE Medical Systems Ultrasound and Primary Care Diagnostics, LLC",US-MF-000016119,class-iia,,on-the-market,8406821BUG00410H3,00840682141109,,,,No disclosed AI/deep-learning radiotherapy function in the EUDAMED row.,https://ec.europa.eu/tools/eudamed/api/devices/udiDiData?page=0&pageSize=300&size=300&languageIso2Code=en&cndCode=Z11040192,https://ec.europa.eu/tools/eudamed/api/devices/basicUdiData/udiDiData/61f9b155-d0de-4112-b33d-7cd0f25105b0
Z1104,ECHOGRAPHY INSTRUMENTS,Z11040182,ULTRASOUND SCANNERS - SOFTWARE ACCESSORIES,out-of-scope,,,Lung Guidance,,,"GE Medical Systems Ultrasound and Primary Care Diagnostics, LLC",US-MF-000016119,class-iia,,on-the-market,08406821BUG006437G,00198953160084,,,,No disclosed AI/deep-learning radiotherapy function in the EUDAMED row.,https://ec.europa.eu/tools/eudamed/api/devices/udiDiData?page=0&pageSize=300&size=300&languageIso2Code=en&cndCode=Z11040182,https://ec.europa.eu/tools/eudamed/api/devices/basicUdiData/udiDiData/bfbcc837-e642-4ef3-85df-b283a17cdb0c
Z1104,ECHOGRAPHY INSTRUMENTS,Z11040192,ULTRASOUND SCANNERS - MEDICAL DEVICE SOFTWARE,out-of-scope,,,Venue Sprint,,,"GE Medical Systems Ultrasound and Primary Care Diagnostics, LLC",US-MF-000016119,class-iia,,on-the-market,08406821BUG004887U,00198953001387,,,,No disclosed AI/deep-learning radiotherapy function in the EUDAMED row.,https://ec.europa.eu/tools/eudamed/api/devices/udiDiData?page=0&pageSize=300&size=300&languageIso2Code=en&cndCode=Z11040192,https://ec.europa.eu/tools/eudamed/api/devices/basicUdiData/udiDiData/a8f93753-f8e7-4232-ac30-cb86f1d4d370
Z1104,ECHOGRAPHY INSTRUMENTS,Z11040192,ULTRASOUND SCANNERS - MEDICAL DEVICE SOFTWARE,out-of-scope,,,Voluson SWIFT to BT23 UPG,,,"GE Ultrasound Korea, Ltd.",KR-MF-000001860,class-iia,,on-the-market,8406821BUG00293HP,00195278560124,,,,No disclosed AI/deep-learning radiotherapy function in the EUDAMED row.,https://ec.europa.eu/tools/eudamed/api/devices/udiDiData?page=0&pageSize=300&size=300&languageIso2Code=en&cndCode=Z11040192,https://ec.europa.eu/tools/eudamed/api/devices/basicUdiData/udiDiData/5c49cf3b-49c6-4047-b544-c59597f92842
Z1104,ECHOGRAPHY INSTRUMENTS,Z11040192,ULTRASOUND SCANNERS - MEDICAL DEVICE SOFTWARE,out-of-scope,,,EchoPAC Plug-in,,,GE Vingmed Ultrasound AS,NO-MF-000000553,class-iia,,on-the-market,8406821BUG00256HH,00198953200438,,,,No disclosed AI/deep-learning radiotherapy function in the EUDAMED row.,https://ec.europa.eu/tools/eudamed/api/devices/udiDiData?page=0&pageSize=300&size=300&languageIso2Code=en&cndCode=Z11040192,https://ec.europa.eu/tools/eudamed/api/devices/basicUdiData/udiDiData/80f4340a-b660-4418-9991-5ab35ab32189
Z1104,ECHOGRAPHY INSTRUMENTS,Z11040192,ULTRASOUND SCANNERS - MEDICAL DEVICE SOFTWARE,out-of-scope,,,Vscan Air,,,GE Vingmed Ultrasound AS,NO-MF-000000553,class-iia,,on-the-market,B-00840682147071,00840682147071,,,,No disclosed AI/deep-learning radiotherapy function in the EUDAMED row.,https://ec.europa.eu/tools/eudamed/api/devices/udiDiData?page=0&pageSize=300&size=300&languageIso2Code=en&cndCode=Z11040192,https://ec.europa.eu/tools/eudamed/api/devices/basicUdiData/udiDiData/8eeb0626-5345-4eda-b431-8373929879dc
Z1104,ECHOGRAPHY INSTRUMENTS,Z11040192,ULTRASOUND SCANNERS - MEDICAL DEVICE SOFTWARE,out-of-scope,,,Vscan Air,,,GE Vingmed Ultrasound AS,NO-MF-000000553,class-iia,,on-the-market,B-00840682147101,00840682147101,,,,No disclosed AI/deep-learning radiotherapy function in the EUDAMED row.,https://ec.europa.eu/tools/eudamed/api/devices/udiDiData?page=0&pageSize=300&size=300&languageIso2Code=en&cndCode=Z11040192,https://ec.europa.eu/tools/eudamed/api/devices/basicUdiData/udiDiData/857d047f-8254-4045-ae26-1c5b69460991
Z1104,ECHOGRAPHY INSTRUMENTS,Z11040192,ULTRASOUND SCANNERS - MEDICAL DEVICE SOFTWARE,out-of-scope,,,Vscan Air,,,GE Vingmed Ultrasound AS,NO-MF-000000553,class-iia,,on-the-market,8406821BUG00375HS,00198953157152,,,,No disclosed AI/deep-learning radiotherapy function in the EUDAMED row.,https://ec.europa.eu/tools/eudamed/api/devices/udiDiData?page=0&pageSize=300&size=300&languageIso2Code=en&cndCode=Z11040192,https://ec.europa.eu/tools/eudamed/api/devices/basicUdiData/udiDiData/3981fc85-99f2-4b4b-9559-df8ffe62faef
Z1104,ECHOGRAPHY INSTRUMENTS,Z11040182,ULTRASOUND SCANNERS - SOFTWARE ACCESSORIES,out-of-scope,,,uSINE,,,HiCura Medical Pte Ltd,SG-MF-000024811,class-iia,,on-the-market,8881300520ULSEE,88813005200140,,,,No disclosed AI/deep-learning radiotherapy function in the EUDAMED row.,https://ec.europa.eu/tools/eudamed/api/devices/udiDiData?page=0&pageSize=300&size=300&languageIso2Code=en&cndCode=Z11040182,https://ec.europa.eu/tools/eudamed/api/devices/basicUdiData/udiDiData/12d54e87-4927-4384-9da7-d317d31d1d86
Z1104,ECHOGRAPHY INSTRUMENTS,Z11049082,VARIOUS ULTRASOUND INSTRUMENTS - SOFTWARE ACCESSORIES,out-of-scope,,,,,,IMT,FR-MF-000004673,class-iia,,on-the-market,B-03760264690214,03760264690214,,,,No disclosed AI/deep-learning radiotherapy function in the EUDAMED row.,https://ec.europa.eu/tools/eudamed/api/devices/udiDiData?page=0&pageSize=300&size=300&languageIso2Code=en&cndCode=Z11049082,https://ec.europa.eu/tools/eudamed/api/devices/basicUdiData/udiDiData/07db1a8a-2721-4e61-b641-4d78ee1e406b
Z1104,ECHOGRAPHY INSTRUMENTS,Z11049082,VARIOUS ULTRASOUND INSTRUMENTS - SOFTWARE ACCESSORIES,out-of-scope,,,,,,IMT,FR-MF-000004673,class-iia,,on-the-market,376026469MATHPACS3XY6X,03760264690115,,,,No disclosed AI/deep-learning radiotherapy function in the EUDAMED row.,https://ec.europa.eu/tools/eudamed/api/devices/udiDiData?page=0&pageSize=300&size=300&languageIso2Code=en&cndCode=Z11049082,https://ec.europa.eu/tools/eudamed/api/devices/basicUdiData/udiDiData/a9804da0-ae07-43ef-9bf9-adef3ff968f4
Z1104,ECHOGRAPHY INSTRUMENTS,Z11040182,ULTRASOUND SCANNERS - SOFTWARE ACCESSORIES,out-of-scope,,,SimpliVue Software,,,Interson Corporation,US-MF-000020801,class-iia,,on-the-market,0850921007INT222UT,00850921007325,,,,No disclosed AI/deep-learning radiotherapy function in the EUDAMED row.,https://ec.europa.eu/tools/eudamed/api/devices/udiDiData?page=0&pageSize=300&size=300&languageIso2Code=en&cndCode=Z11040182,https://ec.europa.eu/tools/eudamed/api/devices/basicUdiData/udiDiData/1c479bf9-ae83-4d2e-9ea7-573c1aef6ac3
Z1104,ECHOGRAPHY INSTRUMENTS,Z11040182,ULTRASOUND SCANNERS - SOFTWARE ACCESSORIES,out-of-scope,,,ViewBladder,,,Interson Corporation,US-MF-000020801,class-iia,,on-the-market,0850921007INT111UH,00850921007240,,,,No disclosed AI/deep-learning radiotherapy function in the EUDAMED row.,https://ec.europa.eu/tools/eudamed/api/devices/udiDiData?page=0&pageSize=300&size=300&languageIso2Code=en&cndCode=Z11040182,https://ec.europa.eu/tools/eudamed/api/devices/basicUdiData/udiDiData/7ea5c90f-7ed1-414f-8c87-8b667e7d2c79
Z1104,ECHOGRAPHY INSTRUMENTS,Z11040182,ULTRASOUND SCANNERS - SOFTWARE ACCESSORIES,out-of-scope,,,UroNav,,,Invivo Corporation,US-MF-000002284,class-iia,,on-the-market,B-00884838089648,00884838089648,,,,No disclosed AI/deep-learning radiotherapy function in the EUDAMED row.,https://ec.europa.eu/tools/eudamed/api/devices/udiDiData?page=0&pageSize=300&size=300&languageIso2Code=en&cndCode=Z11040182,https://ec.europa.eu/tools/eudamed/api/devices/basicUdiData/udiDiData/b59f5696-6716-404e-b83d-f121285b2914
Z1104,ECHOGRAPHY INSTRUMENTS,Z11040192,ULTRASOUND SCANNERS - MEDICAL DEVICE SOFTWARE,out-of-scope,,,PROMAP LITE,,,KOELIS,FR-MF-000000830,class-i,,on-the-market,B-03665134000714,03665134000714,,,,No disclosed AI/deep-learning radiotherapy function in the EUDAMED row.,https://ec.europa.eu/tools/eudamed/api/devices/udiDiData?page=0&pageSize=300&size=300&languageIso2Code=en&cndCode=Z11040192,https://ec.europa.eu/tools/eudamed/api/devices/basicUdiData/udiDiData/589e3667-0ebc-4030-88f3-fb300a0aae16
Z1104,ECHOGRAPHY INSTRUMENTS,Z11040182,ULTRASOUND SCANNERS - SOFTWARE ACCESSORIES,out-of-scope,,,,,,"Konica Minolta, Inc.",JP-MF-000008214,class-iia,,on-the-market,4560141920000778U,04560141949966,,,,No disclosed AI/deep-learning radiotherapy function in the EUDAMED row.,https://ec.europa.eu/tools/eudamed/api/devices/udiDiData?page=0&pageSize=300&size=300&languageIso2Code=en&cndCode=Z11040182,https://ec.europa.eu/tools/eudamed/api/devices/basicUdiData/udiDiData/d6d2923f-2a3d-42fb-8a98-5771b652d42e
Z1104,ECHOGRAPHY INSTRUMENTS,Z11040182,ULTRASOUND SCANNERS - SOFTWARE ACCESSORIES,out-of-scope,,,EchoRapp,,,MEDIRAPP AG,CH-MF-000045891,class-i,,on-the-market,764999276301EchoRappGA,07649992763024,,,,No disclosed AI/deep-learning radiotherapy function in the EUDAMED row.,https://ec.europa.eu/tools/eudamed/api/devices/udiDiData?page=0&pageSize=300&size=300&languageIso2Code=en&cndCode=Z11040182,https://ec.europa.eu/tools/eudamed/api/devices/basicUdiData/udiDiData/97d7ab68-25f4-4c64-822e-041400868ab4
Z1104,ECHOGRAPHY INSTRUMENTS,Z11040192,ULTRASOUND SCANNERS - MEDICAL DEVICE SOFTWARE,out-of-scope,,,EchoRapp,,,MEDIRAPP AG,CH-MF-000045891,class-iia,,on-the-market,7649992763EchoRAPPVE,07649992763048,,,,No disclosed AI/deep-learning radiotherapy function in the EUDAMED row.,https://ec.europa.eu/tools/eudamed/api/devices/udiDiData?page=0&pageSize=300&size=300&languageIso2Code=en&cndCode=Z11040192,https://ec.europa.eu/tools/eudamed/api/devices/basicUdiData/udiDiData/ac137414-cf02-46b9-a5d8-c553c9f4df0c
Z1104,ECHOGRAPHY INSTRUMENTS,Z11040182,ULTRASOUND SCANNERS - SOFTWARE ACCESSORIES,out-of-scope,,,UroNav,,,Philips DS North America LLC,US-MF-000035802,class-iia,,on-the-market,0884838BM419T3,00884838107069,,,,No disclosed AI/deep-learning radiotherapy function in the EUDAMED row.,https://ec.europa.eu/tools/eudamed/api/devices/udiDiData?page=0&pageSize=300&size=300&languageIso2Code=en&cndCode=Z11040182,https://ec.europa.eu/tools/eudamed/api/devices/basicUdiData/udiDiData/ffd4760b-b525-4831-8208-c403769047ea
Z1104,ECHOGRAPHY INSTRUMENTS,Z11049092,VARIOUS ULTRASOUND INSTRUMENTS - MEDICAL DEVICE SOFTWARE,out-of-scope,,,Ultrasound Workspace,,,Philips Ultrasound LLC,US-MF-000002237,class-iia,,on-the-market,0884838BM1735MX,00884838129283,,,,No disclosed AI/deep-learning radiotherapy function in the EUDAMED row.,https://ec.europa.eu/tools/eudamed/api/devices/udiDiData?page=0&pageSize=300&size=300&languageIso2Code=en&cndCode=Z11049092,https://ec.europa.eu/tools/eudamed/api/devices/basicUdiData/udiDiData/54026237-a7cb-4567-8a5b-2d17220fb9f0
Z1104,ECHOGRAPHY INSTRUMENTS,Z11049082,VARIOUS ULTRASOUND INSTRUMENTS - SOFTWARE ACCESSORIES,out-of-scope,,,,,,Quipu S.R.L,IT-MF-000014758,class-iia,,on-the-market,805697713cvsuiteQQ,08056977130006,,,,No disclosed AI/deep-learning radiotherapy function in the EUDAMED row.,https://ec.europa.eu/tools/eudamed/api/devices/udiDiData?page=0&pageSize=300&size=300&languageIso2Code=en&cndCode=Z11049082,https://ec.europa.eu/tools/eudamed/api/devices/basicUdiData/udiDiData/c6953df7-0ed8-42bb-b3f3-1e70042ffc73
Z1104,ECHOGRAPHY INSTRUMENTS,Z11049092,VARIOUS ULTRASOUND INSTRUMENTS - MEDICAL DEVICE SOFTWARE,out-of-scope,,,,,,RESPINOR AS,NO-MF-000012955,class-iia,,on-the-market,709005853DXTADL,07090058530096,,,,No disclosed AI/deep-learning radiotherapy function in the EUDAMED row.,https://ec.europa.eu/tools/eudamed/api/devices/udiDiData?page=0&pageSize=300&size=300&languageIso2Code=en&cndCode=Z11049092,https://ec.europa.eu/tools/eudamed/api/devices/basicUdiData/udiDiData/879a0917-bbf4-492f-81bb-7f4f050f7bc6
Z1104,ECHOGRAPHY INSTRUMENTS,Z11049092,VARIOUS ULTRASOUND INSTRUMENTS - MEDICAL DEVICE SOFTWARE,out-of-scope,,,,,,Ropca A/S,DK-MF-000011938,class-iia,,on-the-market,57000022093D1PN,05700002209313,,,,No disclosed AI/deep-learning radiotherapy function in the EUDAMED row.,https://ec.europa.eu/tools/eudamed/api/devices/udiDiData?page=0&pageSize=300&size=300&languageIso2Code=en&cndCode=Z11049092,https://ec.europa.eu/tools/eudamed/api/devices/basicUdiData/udiDiData/3a08e3f0-bd74-4c18-9133-f2ca11245ad5
Z1104,ECHOGRAPHY INSTRUMENTS,Z11049082,VARIOUS ULTRASOUND INSTRUMENTS - SOFTWARE ACCESSORIES,out-of-scope,,,SonoPath AI,,,"Shanghai Avalantu Technology Co., Ltd.",CN-MF-000049432,class-i,,on-the-market,697910323010103010000N7,06979103230000,,,,No disclosed AI/deep-learning radiotherapy function in the EUDAMED row.,https://ec.europa.eu/tools/eudamed/api/devices/udiDiData?page=0&pageSize=300&size=300&languageIso2Code=en&cndCode=Z11049082,https://ec.europa.eu/tools/eudamed/api/devices/basicUdiData/udiDiData/d770081d-bb5e-46af-b927-7c0ae79674f8
Z1104,ECHOGRAPHY INSTRUMENTS,Z11049092,VARIOUS ULTRASOUND INSTRUMENTS - MEDICAL DEVICE SOFTWARE,out-of-scope,,,MSK Go,,,SMART ALFA TEKNOLOJİ SANAYİ VE TİCARET ANONİM ŞİRKETİ,TR-MF-000025385,class-iia,,on-the-market,86830794235MSKBV,08683079423530,,,,No disclosed AI/deep-learning radiotherapy function in the EUDAMED row.,https://ec.europa.eu/tools/eudamed/api/devices/udiDiData?page=0&pageSize=300&size=300&languageIso2Code=en&cndCode=Z11049092,https://ec.europa.eu/tools/eudamed/api/devices/basicUdiData/udiDiData/538406db-bb8b-4ac3-be56-5b82efc3d7dc
Z1104,ECHOGRAPHY INSTRUMENTS,Z11049092,VARIOUS ULTRASOUND INSTRUMENTS - MEDICAL DEVICE SOFTWARE,out-of-scope,,,Nerveblox,,,SMART ALFA TEKNOLOJİ SANAYİ VE TİCARET ANONİM ŞİRKETİ,TR-MF-000025385,class-iia,,on-the-market,86830794235NRVBXKR,08683079423516,,,,No disclosed AI/deep-learning radiotherapy function in the EUDAMED row.,https://ec.europa.eu/tools/eudamed/api/devices/udiDiData?page=0&pageSize=300&size=300&languageIso2Code=en&cndCode=Z11049092,https://ec.europa.eu/tools/eudamed/api/devices/basicUdiData/udiDiData/5c7b048d-9343-4c83-9afb-63f3bc473a04
Z1104,ECHOGRAPHY INSTRUMENTS,Z11040182,ULTRASOUND SCANNERS - SOFTWARE ACCESSORIES,out-of-scope,,,OvAi Focus,,,SynDiag s.r.l.,IT-MF-000042169,class-i,,on-the-market,805259054OvAi2025KE,08052590540024,,,,No disclosed AI/deep-learning radiotherapy function in the EUDAMED row.,https://ec.europa.eu/tools/eudamed/api/devices/udiDiData?page=0&pageSize=300&size=300&languageIso2Code=en&cndCode=Z11040182,https://ec.europa.eu/tools/eudamed/api/devices/basicUdiData/udiDiData/4a0853e4-9b67-455d-bf4c-0cee688ce984
Z1104,ECHOGRAPHY INSTRUMENTS,Z11040182,ULTRASOUND SCANNERS - SOFTWARE ACCESSORIES,out-of-scope,,,UltraSight Guidance,,,UltraSight LTD,IL-MF-000035620,class-i,,on-the-market,7290019208USEG5C,72900192080750,,,,No disclosed AI/deep-learning radiotherapy function in the EUDAMED row.,https://ec.europa.eu/tools/eudamed/api/devices/udiDiData?page=0&pageSize=300&size=300&languageIso2Code=en&cndCode=Z11040182,https://ec.europa.eu/tools/eudamed/api/devices/basicUdiData/udiDiData/4a5d048d-63d9-4da0-adb1-eceb8479526b
Z1104,ECHOGRAPHY INSTRUMENTS,Z11040182,ULTRASOUND SCANNERS - SOFTWARE ACCESSORIES,out-of-scope,,,Vave Health Software Application,,,"Vave Health, Inc.",US-MF-000049264,class-iia,,on-the-market,0850001977VAF02R6,00850001977104,,,,No disclosed AI/deep-learning radiotherapy function in the EUDAMED row.,https://ec.europa.eu/tools/eudamed/api/devices/udiDiData?page=0&pageSize=300&size=300&languageIso2Code=en&cndCode=Z11040182,https://ec.europa.eu/tools/eudamed/api/devices/basicUdiData/udiDiData/132735ad-ed76-44ee-9a15-42dece281a4e
Z1104,ECHOGRAPHY INSTRUMENTS,Z11040192,ULTRASOUND SCANNERS - MEDICAL DEVICE SOFTWARE,out-of-scope,,,Ventripoint Medical System Plus,,,Ventripoint Diagnostics Ltd.,CA-MF-000030095,class-iia,,on-the-market,7540263VMS+4YF,07540263000032,,,,No disclosed AI/deep-learning radiotherapy function in the EUDAMED row.,https://ec.europa.eu/tools/eudamed/api/devices/udiDiData?page=0&pageSize=300&size=300&languageIso2Code=en&cndCode=Z11040192,https://ec.europa.eu/tools/eudamed/api/devices/basicUdiData/udiDiData/71a21dd3-e3fa-45e3-8281-57e25c291dd6
Z1104,ECHOGRAPHY INSTRUMENTS,Z11040192,ULTRASOUND SCANNERS - MEDICAL DEVICE SOFTWARE,out-of-scope,,,Ventripoint Medical System Plus (VMS+),,,Ventripoint Diagnostics Ltd.,CA-MF-000030095,class-iia,,on-the-market,7540263VMS+3YD,07540263000025,,,,No disclosed AI/deep-learning radiotherapy function in the EUDAMED row.,https://ec.europa.eu/tools/eudamed/api/devices/udiDiData?page=0&pageSize=300&size=300&languageIso2Code=en&cndCode=Z11040192,https://ec.europa.eu/tools/eudamed/api/devices/basicUdiData/udiDiData/ef730ef8-7f5c-4d43-bcc4-a7f3a0b3d5de