kind,dlinrt_name,dlinrt_id,company,status,srn,certificate_numbers,notified_bodies,legislation,risk_class,basic_udi,emdn_code,eudamed_name,candidate_count,note,query_url
company,NeuralRad,neuralrad,NeuralRad,not-registered,,,,,,,,,0,no registered actor returned for this name (registration mandatory from 2026-05-28); 0 certificates in EUDAMED,https://ec.europa.eu/tools/eudamed/api/eos?page=0&pageSize=20&size=20&languageIso2Code=en&name=NeuralRad
company,AI Medical,ai-medical,AI Medical,ambiguous,CN-MF-000033681,JP25/00000098 | G15 116811 0003 | G15 062575 0088 | DZ 2421775-1 | DZ 2028977-1,1639 | 0123 | 0197,quality-management-system | quality-assurance,,,,"ZHEJIANG BAITAI MEDICAL TECHNOLOGY CO.LTD,",20,Manufacturer · CN · active; 20 matching actors,https://ec.europa.eu/tools/eudamed/api/eos?page=0&pageSize=20&size=20&languageIso2Code=en&name=AI+Medical
company,Carina AI,carina-ai,Carina AI,not-registered,,,,,,,,,0,no registered actor returned for this name (registration mandatory from 2026-05-28); 0 certificates in EUDAMED,https://ec.europa.eu/tools/eudamed/api/eos?page=0&pageSize=20&size=20&languageIso2Code=en&name=Carina+AI
company,Coreline Soft Co,coreline-soft,Coreline Soft Co,confirmed,KR-MF-000011555,,,,,,,"Coreline Soft Co., Ltd.",1,Manufacturer · KR · active; 0 certificates in EUDAMED,https://ec.europa.eu/tools/eudamed/api/eos?page=0&pageSize=20&size=20&languageIso2Code=en&name=Coreline+Soft+Co
company,Ever Fortune AI,everfortune-ai,Ever Fortune AI,not-registered,,,,,,,,,0,no registered actor returned for this name (registration mandatory from 2026-05-28); 0 certificates in EUDAMED,https://ec.europa.eu/tools/eudamed/api/eos?page=0&pageSize=20&size=20&languageIso2Code=en&name=Ever+Fortune+AI
company,Hura Imaging,hura-imaging,Hura Imaging,not-registered,,,,,,,,,0,no registered actor returned for this name (registration mandatory from 2026-05-28); 0 certificates in EUDAMED,https://ec.europa.eu/tools/eudamed/api/eos?page=0&pageSize=20&size=20&languageIso2Code=en&name=Hura+Imaging
company,Limbus AI,limbus-ai,Limbus AI,confirmed,CA-MF-000025514,21M00123SUP01,1912,quality-management-system,,,,Limbus AI Inc.,1,Manufacturer · CA · active,https://ec.europa.eu/tools/eudamed/api/eos?page=0&pageSize=20&size=20&languageIso2Code=en&name=Limbus+AI
company,Manteia,manteia,Manteia,confirmed,CN-MF-000023911,28620166008,2862,quality-management-system,,,,"Manteia Technologies Co., Ltd.",1,Manufacturer · CN · active,https://ec.europa.eu/tools/eudamed/api/eos?page=0&pageSize=20&size=20&languageIso2Code=en&name=Manteia
company,MIM Software,mim-software,MIM Software,ambiguous,US-MF-000007063,,,,,,,MIM Software Inc.,2,Manufacturer · US · active; 2 matching actors; 0 certificates in EUDAMED,https://ec.europa.eu/tools/eudamed/api/eos?page=0&pageSize=20&size=20&languageIso2Code=en&name=MIM+Software
company,Mirada Medical,mirada-medical,Mirada Medical,ambiguous,GB-MF-000008724,,,,,,,Mirada Medical Limited,2,Manufacturer · UK · active; 2 matching actors; 0 certificates in EUDAMED,https://ec.europa.eu/tools/eudamed/api/eos?page=0&pageSize=20&size=20&languageIso2Code=en&name=Mirada+Medical
company,MVision AI,mvision-ai,MVision AI,confirmed,FI-MF-000013082,,,,,,,MVision AI Oy,1,Manufacturer · FI · active; 0 certificates in EUDAMED,https://ec.europa.eu/tools/eudamed/api/eos?page=0&pageSize=20&size=20&languageIso2Code=en&name=MVision+AI
company,RadFormation,radformation,RadFormation,confirmed,US-MF-000009824,,,,,,,"Radformation, Inc.",1,Manufacturer · US · active; 0 certificates in EUDAMED,https://ec.europa.eu/tools/eudamed/api/eos?page=0&pageSize=20&size=20&languageIso2Code=en&name=RadFormation
company,Synaptiq,synaptiq,Synaptiq,confirmed,RO-MF-000038617,HZ 2447216-1,0197,quality-management-system,,,,SYNAPTIQ TECHNOLOGIES SRL,1,Manufacturer · RO · active,https://ec.europa.eu/tools/eudamed/api/eos?page=0&pageSize=20&size=20&languageIso2Code=en&name=Synaptiq
company,Therapanacea,therapanacea,Therapanacea,confirmed,FR-MF-000007672,,,,,,,THERAPANACEA,1,Manufacturer · FR · active; 0 certificates in EUDAMED,https://ec.europa.eu/tools/eudamed/api/eos?page=0&pageSize=20&size=20&languageIso2Code=en&name=Therapanacea
company,Vysioneer,vysioneer,Vysioneer,not-registered,,,,,,,,,0,no registered actor returned for this name (registration mandatory from 2026-05-28); 0 certificates in EUDAMED,https://ec.europa.eu/tools/eudamed/api/eos?page=0&pageSize=20&size=20&languageIso2Code=en&name=Vysioneer
company,Wisdom Tech,wisdom-tech,Wisdom Tech,not-registered,,,,,,,,,0,no registered actor returned for this name (registration mandatory from 2026-05-28); 0 certificates in EUDAMED,https://ec.europa.eu/tools/eudamed/api/eos?page=0&pageSize=20&size=20&languageIso2Code=en&name=Wisdom+Tech
company,Aitewan Biomedical Technology,aitewan,Aitewan Biomedical Technology,not-registered,,,,,,,,,0,no registered actor returned for this name (registration mandatory from 2026-05-28); 0 certificates in EUDAMED,https://ec.europa.eu/tools/eudamed/api/eos?page=0&pageSize=20&size=20&languageIso2Code=en&name=Aitewan+Biomedical+Technology
company,Oncosoft,oncosoft,Oncosoft,confirmed,KR-MF-000049550,,,,,,,Oncosoft Inc.,1,Manufacturer · KR · active; 0 certificates in EUDAMED,https://ec.europa.eu/tools/eudamed/api/eos?page=0&pageSize=20&size=20&languageIso2Code=en&name=Oncosoft
company,MedCom,medcom,MedCom,ambiguous,IT-IM-000054965,,,,,,,Medcomp srl,7,Importer · IT · active; 6 matching actors; 0 certificates in EUDAMED,https://ec.europa.eu/tools/eudamed/api/eos?page=0&pageSize=20&size=20&languageIso2Code=en&name=MedCom
company,GE Healthcare,ge-healthcare,GE Healthcare,ambiguous,DK-IM-000003766,US26/00000269 | US24/00000159 | HZ 2241523-1 | HZ 2066093-1 | HZ 2066093-1 | G10 111265 0001 | DZ 1997616-1 | DZ 1997616-1 | CR-03-1004-836-24,1639 | 0197 | 0123 | 0537,quality-management-system | quality-assurance,,,,GE Healthcare Denmark A/S,20,Importer · DK · active; 20 matching actors,https://ec.europa.eu/tools/eudamed/api/eos?page=0&pageSize=20&size=20&languageIso2Code=en&name=GE+Healthcare
company,Philips,philips-healthcare,Philips,ambiguous,US-MF-000002321,MDR 731459 | MDR 731457 | HZ 1135905-1 | G15 036155 0072 | G15 011876 0036 | G10 036155 0060 | 2243163CE01,2797 | 0197 | 0123 | 0344,quality-management-system | technical-documentation,,,,Philips Medical Systems,20,Manufacturer · US · active; 20 matching actors,https://ec.europa.eu/tools/eudamed/api/eos?page=0&pageSize=20&size=20&languageIso2Code=en&name=Philips
company,Siemens Healthineers,siemens-healthineers,Siemens Healthineers,ambiguous,DE-MF-000038456,,,,,,,Siemens Healthineers AG,9,Manufacturer · DE · active; 9 matching actors; 0 certificates in EUDAMED,https://ec.europa.eu/tools/eudamed/api/eos?page=0&pageSize=20&size=20&languageIso2Code=en&name=Siemens+Healthineers
company,Canon Medical Systems,canon-medical,Canon Medical Systems,ambiguous,JP-MF-000011499,,,,,,,Canon Medical Systems Corporation,3,Manufacturer · JP · active; 3 matching actors; 0 certificates in EUDAMED,https://ec.europa.eu/tools/eudamed/api/eos?page=0&pageSize=20&size=20&languageIso2Code=en&name=Canon+Medical+Systems
company,United Imaging,united-imaging,United Imaging,ambiguous,IT-IM-000056333,HZ 2057357-1 | G15 108822 0021 | G10 087510 0095,0197 | 0123,quality-management-system,,,,United Imaging Healthcare Italy S.R.L,9,Importer · IT · active; 9 matching actors,https://ec.europa.eu/tools/eudamed/api/eos?page=0&pageSize=20&size=20&languageIso2Code=en&name=United+Imaging
company,Taiwan Medical Imaging Co.,taiwan-medical-imaging,Taiwan Medical Imaging Co.,not-registered,,,,,,,,,0,no registered actor returned for this name (registration mandatory from 2026-05-28); 0 certificates in EUDAMED,https://ec.europa.eu/tools/eudamed/api/eos?page=0&pageSize=20&size=20&languageIso2Code=en&name=Taiwan+Medical+Imaging+Co.
company,AlgoMedica,algomedica,AlgoMedica,not-registered,,,,,,,,,0,no registered actor returned for this name (registration mandatory from 2026-05-28); 0 certificates in EUDAMED,https://ec.europa.eu/tools/eudamed/api/eos?page=0&pageSize=20&size=20&languageIso2Code=en&name=AlgoMedica
company,Spectronic Medical,spectronic-medical,Spectronic Medical,confirmed,SE-MF-000024476,,,,,,,Spectronic Medical AB,1,Manufacturer · SE · active; 0 certificates in EUDAMED,https://ec.europa.eu/tools/eudamed/api/eos?page=0&pageSize=20&size=20&languageIso2Code=en&name=Spectronic+Medical
company,InformAI,informai,InformAI,not-registered,,,,,,,,,0,no registered actor returned for this name (registration mandatory from 2026-05-28); 0 certificates in EUDAMED,https://ec.europa.eu/tools/eudamed/api/eos?page=0&pageSize=20&size=20&languageIso2Code=en&name=InformAI
company,RaySearch Laboratories,raysearch,RaySearch Laboratories,confirmed,SE-MF-000001908,,,,,,,RAYSEARCH LABORATORIES AB (PUBL),1,Manufacturer · SE · active; 0 certificates in EUDAMED,https://ec.europa.eu/tools/eudamed/api/eos?page=0&pageSize=20&size=20&languageIso2Code=en&name=RaySearch+Laboratories
company,AIRS Medical,airs-medical,AIRS Medical,confirmed,KR-MF-000009149,SCAR-23.2.1.0 | C596987,3022 | 2460,quality-management-system,,,,AIRS Medical Inc.,1,Manufacturer · KR · active,https://ec.europa.eu/tools/eudamed/api/eos?page=0&pageSize=20&size=20&languageIso2Code=en&name=AIRS+Medical
company,ClariPi,claripi,ClariPi,confirmed,KR-MF-000031518,,,,,,,ClariPi Inc.,1,Manufacturer · KR · active; 0 certificates in EUDAMED,https://ec.europa.eu/tools/eudamed/api/eos?page=0&pageSize=20&size=20&languageIso2Code=en&name=ClariPi
company,Subtle Medical,subtle-medical,Subtle Medical,confirmed,US-MF-000032747,28620157147,2862,quality-management-system,,,,"Subtle Medical, Inc.",1,Manufacturer · US · active,https://ec.europa.eu/tools/eudamed/api/eos?page=0&pageSize=20&size=20&languageIso2Code=en&name=Subtle+Medical
company,PTW,ptw-dosimetry,PTW,confirmed,DE-MF-000005794,,,,,,,PTW-Freiburg Physikalisch-Technische Werkstätten Dr. Pychlau GmbH,1,Manufacturer · DE · active; 0 certificates in EUDAMED,https://ec.europa.eu/tools/eudamed/api/eos?page=0&pageSize=20&size=20&languageIso2Code=en&name=PTW
company,PyMedix,pymedix,PyMedix,not-registered,,,,,,,,,0,no registered actor returned for this name (registration mandatory from 2026-05-28); 0 certificates in EUDAMED,https://ec.europa.eu/tools/eudamed/api/eos?page=0&pageSize=20&size=20&languageIso2Code=en&name=PyMedix
company,"MedLever, Inc.",medlever,"MedLever, Inc.",not-registered,,,,,,,,,0,no registered actor returned for this name (registration mandatory from 2026-05-28); 0 certificates in EUDAMED,https://ec.europa.eu/tools/eudamed/api/eos?page=0&pageSize=20&size=20&languageIso2Code=en&name=MedLever%2C+Inc.
company,"MedMind Technology Co., Ltd.",medmind-technology,"MedMind Technology Co., Ltd.",not-registered,,,,,,,,,0,no registered actor returned for this name (registration mandatory from 2026-05-28); 0 certificates in EUDAMED,https://ec.europa.eu/tools/eudamed/api/eos?page=0&pageSize=20&size=20&languageIso2Code=en&name=MedMind+Technology+Co.%2C+Ltd.
company,Quanta Computer Inc.,quanta-computer,Quanta Computer Inc.,confirmed,TW-MF-000022042,,,,,,,Quanta Computer Inc.,1,Manufacturer · TW · active; 0 certificates in EUDAMED,https://ec.europa.eu/tools/eudamed/api/eos?page=0&pageSize=20&size=20&languageIso2Code=en&name=Quanta+Computer+Inc.
company,Lumonus,lumonus,Lumonus,not-registered,,,,,,,,,0,no registered actor returned for this name (registration mandatory from 2026-05-28); 0 certificates in EUDAMED,https://ec.europa.eu/tools/eudamed/api/eos?page=0&pageSize=20&size=20&languageIso2Code=en&name=Lumonus
company,Elekta,elekta,Elekta,ambiguous,SE-MF-000001401,,,,,,,Elekta Instrument AB,10,Manufacturer · SE · inactive; 10 matching actors; 0 certificates in EUDAMED,https://ec.europa.eu/tools/eudamed/api/eos?page=0&pageSize=20&size=20&languageIso2Code=en&name=Elekta
company,Accuray®,accuray,Accuray®,not-registered,,,,,,,,,0,no registered actor returned for this name (registration mandatory from 2026-05-28); 0 certificates in EUDAMED,https://ec.europa.eu/tools/eudamed/api/eos?page=0&pageSize=20&size=20&languageIso2Code=en&name=Accuray%C2%AE
company,Sun Nuclear (Mirion Medical),sun-nuclear,Sun Nuclear (Mirion Medical),not-registered,,,,,,,,,0,no registered actor returned for this name (registration mandatory from 2026-05-28); 0 certificates in EUDAMED,https://ec.europa.eu/tools/eudamed/api/eos?page=0&pageSize=20&size=20&languageIso2Code=en&name=Sun+Nuclear+%28Mirion+Medical%29
company,MD Anderson Cancer Center,md-anderson,MD Anderson Cancer Center,not-registered,,,,,,,,,0,no registered actor returned for this name (registration mandatory from 2026-05-28); 0 certificates in EUDAMED,https://ec.europa.eu/tools/eudamed/api/eos?page=0&pageSize=20&size=20&languageIso2Code=en&name=MD+Anderson+Cancer+Center
company,Brainlab,brainlab,Brainlab,ambiguous,DE-IM-000006186,G70 037489 0098 | G70 037489 0072 | G70 037489 0071 | G12 037489 0070 | G11 037489 0060 | G10 037489 0059 | 3902756CE01,0123 | 0344,technical-documentation | quality-management-system,,,,Brainlab SE,4,Importer · DE · active; 4 matching actors,https://ec.europa.eu/tools/eudamed/api/eos?page=0&pageSize=20&size=20&languageIso2Code=en&name=Brainlab
company,Varian (Siemens Healthineers),varian,Varian (Siemens Healthineers),not-registered,,,,,,,,,0,no registered actor returned for this name (registration mandatory from 2026-05-28); 0 certificates in EUDAMED,https://ec.europa.eu/tools/eudamed/api/eos?page=0&pageSize=20&size=20&languageIso2Code=en&name=Varian+%28Siemens+Healthineers%29
product,Limbus Contour,limbus-contour,Limbus AI,confirmed,CA-MF-000025514,,,,class-i,B-00628011382177,,Limbus Contour,1,manufacturer: Limbus AI Inc.,https://ec.europa.eu/tools/eudamed/api/devices/udiDiData?page=0&pageSize=20&size=20&languageIso2Code=en&tradeName=Limbus+Contour
product,Contour+,mvision-ai-contouring,MVision AI,confirmed,FI-MF-000013082,,,,class-iia,64298300642AISEG1.2SZ,,Contour+ (MVision AI Segmentation),1,manufacturer: MVision AI Oy,https://ec.europa.eu/tools/eudamed/api/devices/udiDiData?page=0&pageSize=20&size=20&languageIso2Code=en&tradeName=Contour%2B
product,DLC Expert,mirada-dlc,Mirada Medical,not-registered,,,,,,,,,0,no UDI-DI record returned for this trade name (device registration mandatory from 2026-05-28),https://ec.europa.eu/tools/eudamed/api/devices/udiDiData?page=0&pageSize=20&size=20&languageIso2Code=en&tradeName=DLC+Expert
product,Deep Learning Segmentation,raysearch-raystation,RaySearch Laboratories,not-registered,,,,,,,,,0,no UDI-DI record returned for this trade name (device registration mandatory from 2026-05-28),https://ec.europa.eu/tools/eudamed/api/devices/udiDiData?page=0&pageSize=20&size=20&languageIso2Code=en&tradeName=Deep+Learning+Segmentation
product,Annotate,therapanacea-annotate,Therapanacea,not-registered,,,,,,,,,0,no UDI-DI record returned for this trade name (device registration mandatory from 2026-05-28),https://ec.europa.eu/tools/eudamed/api/devices/udiDiData?page=0&pageSize=20&size=20&languageIso2Code=en&tradeName=Annotate
product,TumorBox,therapanacea-tumorbox,Therapanacea,not-registered,,,,,,,,,0,no UDI-DI record returned for this trade name (device registration mandatory from 2026-05-28),https://ec.europa.eu/tools/eudamed/api/devices/udiDiData?page=0&pageSize=20&size=20&languageIso2Code=en&tradeName=TumorBox
product,BrachyBox,therapanacea-brachybox,Therapanacea,not-registered,,,,,,,,,0,no UDI-DI record returned for this trade name (device registration mandatory from 2026-05-28),https://ec.europa.eu/tools/eudamed/api/devices/udiDiData?page=0&pageSize=20&size=20&languageIso2Code=en&tradeName=BrachyBox
product,Jazz,ai-medical-jazz,AI Medical,ambiguous,,,,,,,,,20,"20 UDI-DI record(s) share this trade name, none from AI Medical; first manufacturer: Keeler Ltd",https://ec.europa.eu/tools/eudamed/api/devices/udiDiData?page=0&pageSize=20&size=20&languageIso2Code=en&tradeName=Jazz
product,INTContour,carina-intcontour,Carina AI,not-registered,,,,,,,,,0,no UDI-DI record returned for this trade name (device registration mandatory from 2026-05-28),https://ec.europa.eu/tools/eudamed/api/devices/udiDiData?page=0&pageSize=20&size=20&languageIso2Code=en&tradeName=INTContour
product,Aview RT ACS,coreline-aview-rt-acs,Coreline Soft Co,not-registered,,,,,,,,,0,no UDI-DI record returned for this trade name (device registration mandatory from 2026-05-28),https://ec.europa.eu/tools/eudamed/api/devices/udiDiData?page=0&pageSize=20&size=20&languageIso2Code=en&tradeName=Aview+RT+ACS
product,RT Suite v1 (HCAP-Segmentation),everfortune-rt-suite,Ever Fortune AI,not-registered,,,,,,,,,0,no UDI-DI record returned for this trade name (device registration mandatory from 2026-05-28),https://ec.europa.eu/tools/eudamed/api/devices/udiDiData?page=0&pageSize=20&size=20&languageIso2Code=en&tradeName=RT+Suite+v1+%28HCAP-Segmentation%29
product,Seg Pro V3 (RT-300),everfortune-seg-pro-v3,Ever Fortune AI,not-registered,,,,,,,,,0,no UDI-DI record returned for this trade name (device registration mandatory from 2026-05-28),https://ec.europa.eu/tools/eudamed/api/devices/udiDiData?page=0&pageSize=20&size=20&languageIso2Code=en&tradeName=Seg+Pro+V3+%28RT-300%29
product,Auto Segmentation,ge-auto-segmentation,GE Healthcare,confirmed,US-MF-000018315,,,,class-iib,8406821BUG00320GZ,,Auto Segmentation,1,"manufacturer: GE Medical Systems, LLC",https://ec.europa.eu/tools/eudamed/api/devices/udiDiData?page=0&pageSize=20&size=20&languageIso2Code=en&tradeName=Auto+Segmentation
product,DV.TARGET,hura-dvtarget,Hura Imaging,not-registered,,,,,,,,,0,no UDI-DI record returned for this trade name (device registration mandatory from 2026-05-28),https://ec.europa.eu/tools/eudamed/api/devices/udiDiData?page=0&pageSize=20&size=20&languageIso2Code=en&tradeName=DV.TARGET
product,AccuContour,manteia-accucontour,Manteia,ambiguous,CN-MF-000023911,,,,class-iia,697312740AccuContourLTQ3,,AccuContour-Lite,2,"manufacturer: Manteia Technologies Co., Ltd.; 2 matching records",https://ec.europa.eu/tools/eudamed/api/devices/udiDiData?page=0&pageSize=20&size=20&languageIso2Code=en&tradeName=AccuContour
product,Contour ProtégéAI+,mim-contour-protegeai,MIM Software,confirmed,US-MF-000007063,,,,class-iia,B-00850009343307,,Contour ProtégéAI+,1,manufacturer: MIM Software Inc.,https://ec.europa.eu/tools/eudamed/api/devices/udiDiData?page=0&pageSize=20&size=20&languageIso2Code=en&tradeName=Contour+Prot%C3%A9g%C3%A9AI%2B
product,AutoContour,radformation-autocontour,RadFormation,ambiguous,US-MF-000009824,,,,class-iia,08600016727AutoContourEC,,AutoContour,3,"manufacturer: Radformation, Inc.; 3 matching records",https://ec.europa.eu/tools/eudamed/api/devices/udiDiData?page=0&pageSize=20&size=20&languageIso2Code=en&tradeName=AutoContour
product,AI-Rad Companion Organs RT,siemens-ai-rad-companion,Siemens Healthineers,ambiguous,DE-MF-000006122,,,,class-iib,0405686902011UN,,AI-Rad Companion Organs RT,2,manufacturer: Siemens Healthcare GmbH; 2 matching records,https://ec.europa.eu/tools/eudamed/api/devices/udiDiData?page=0&pageSize=20&size=20&languageIso2Code=en&tradeName=AI-Rad+Companion+Organs+RT
product,Mediq RT,synaptiq-mediq-rt,Synaptiq,not-registered,,,,,,,,,0,no UDI-DI record returned for this trade name (device registration mandatory from 2026-05-28),https://ec.europa.eu/tools/eudamed/api/devices/udiDiData?page=0&pageSize=20&size=20&languageIso2Code=en&tradeName=Mediq+RT
product,Vbrain,vysioner-vbrain,Vysioneer,lookup-failed,,,,,,,,,0,device lookup: HTTP 429,https://ec.europa.eu/tools/eudamed/api/devices/udiDiData?page=0&pageSize=20&size=20&languageIso2Code=en&tradeName=Vbrain
product,DeepContour,wisdom-deep-contour,Wisdom Tech,not-registered,,,,,,,,,0,no UDI-DI record returned for this trade name (device registration mandatory from 2026-05-28),https://ec.europa.eu/tools/eudamed/api/devices/udiDiData?page=0&pageSize=20&size=20&languageIso2Code=en&tradeName=DeepContour
product,DirectORGANS,siemens-directorgans,Siemens Healthineers,not-registered,,,,,,,,,0,no UDI-DI record returned for this trade name (device registration mandatory from 2026-05-28),https://ec.europa.eu/tools/eudamed/api/devices/udiDiData?page=0&pageSize=20&size=20&languageIso2Code=en&tradeName=DirectORGANS
product,OncoStudio,oncosoft-oncostudio,Oncosoft,not-registered,,,,,,,,,0,no UDI-DI record returned for this trade name (device registration mandatory from 2026-05-28),https://ec.europa.eu/tools/eudamed/api/devices/udiDiData?page=0&pageSize=20&size=20&languageIso2Code=en&tradeName=OncoStudio
product,TAIMedImg DeepMets,taimedimg-deepmets,Taiwan Medical Imaging Co.,not-registered,,,,,,,,,0,no UDI-DI record returned for this trade name (device registration mandatory from 2026-05-28),https://ec.europa.eu/tools/eudamed/api/devices/udiDiData?page=0&pageSize=20&size=20&languageIso2Code=en&tradeName=TAIMedImg+DeepMets
product,Brainlab Elements Contouring 5.0 (APM / Elements Segmentation),brainlab-elements-rt-seg,Brainlab,not-registered,,,,,,,,,0,no UDI-DI record returned for this trade name (device registration mandatory from 2026-05-28),https://ec.europa.eu/tools/eudamed/api/devices/udiDiData?page=0&pageSize=20&size=20&languageIso2Code=en&tradeName=Brainlab+Elements+Contouring+5.0+%28APM+%2F+Elements+Segmentation%29
product,MR Contour DL,ge-mr-contour-dl,GE Healthcare,not-registered,,,,,,,,,0,no UDI-DI record returned for this trade name (device registration mandatory from 2026-05-28),https://ec.europa.eu/tools/eudamed/api/devices/udiDiData?page=0&pageSize=20&size=20&languageIso2Code=en&tradeName=MR+Contour+DL
product,RT-Mind-AI,medmind-rt-mind-ai,"MedMind Technology Co., Ltd.",not-registered,,,,,,,,,0,no UDI-DI record returned for this trade name (device registration mandatory from 2026-05-28),https://ec.europa.eu/tools/eudamed/api/devices/udiDiData?page=0&pageSize=20&size=20&languageIso2Code=en&tradeName=RT-Mind-AI
product,Ethos AI Segmentation,varian-ethos-ai-segmentation,Varian (Siemens Healthineers),not-registered,,,,,,,,,0,no UDI-DI record returned for this trade name (device registration mandatory from 2026-05-28),https://ec.europa.eu/tools/eudamed/api/devices/udiDiData?page=0&pageSize=20&size=20&languageIso2Code=en&tradeName=Ethos+AI+Segmentation
product,AI Contouring for Eclipse,varian-eclipse-ai-contouring,Varian (Siemens Healthineers),not-registered,,,,,,,,,0,no UDI-DI record returned for this trade name (device registration mandatory from 2026-05-28),https://ec.europa.eu/tools/eudamed/api/devices/udiDiData?page=0&pageSize=20&size=20&languageIso2Code=en&tradeName=AI+Contouring+for+Eclipse
product,QOCA® image Smart RT Contouring System,quanta-qoca-image-smart-rt,Quanta Computer Inc.,not-registered,,,,,,,,,0,no UDI-DI record returned for this trade name (device registration mandatory from 2026-05-28),https://ec.europa.eu/tools/eudamed/api/devices/udiDiData?page=0&pageSize=20&size=20&languageIso2Code=en&tradeName=QOCA%C2%AE+image+Smart+RT+Contouring+System
product,ProSoma DART AI Segmentation Engine,medcom-prosoma-dart,MedCom,not-registered,,,,,,,,,0,no UDI-DI record returned for this trade name (device registration mandatory from 2026-05-28),https://ec.europa.eu/tools/eudamed/api/devices/udiDiData?page=0&pageSize=20&size=20&languageIso2Code=en&tradeName=ProSoma+DART+AI+Segmentation+Engine
product,uRT Auto-Contouring,united-urt-auto-contouring,United Imaging,not-registered,,,,,,,,,0,no UDI-DI record returned for this trade name (device registration mandatory from 2026-05-28),https://ec.europa.eu/tools/eudamed/api/devices/udiDiData?page=0&pageSize=20&size=20&languageIso2Code=en&tradeName=uRT+Auto-Contouring
product,DeepBT Detector-Plus,aitewan-deepbt-detector-plus,"Aitewan Biomedical Technology, Inc.",not-registered,,,,,,,,,0,no UDI-DI record returned for this trade name (device registration mandatory from 2026-05-28),https://ec.europa.eu/tools/eudamed/api/devices/udiDiData?page=0&pageSize=20&size=20&languageIso2Code=en&tradeName=DeepBT+Detector-Plus
product,MRCAT Brain,philips-mrcat-brain,Philips,not-registered,,,,,,,,,0,no UDI-DI record returned for this trade name (device registration mandatory from 2026-05-28),https://ec.europa.eu/tools/eudamed/api/devices/udiDiData?page=0&pageSize=20&size=20&languageIso2Code=en&tradeName=MRCAT+Brain
product,MRCAT Pelvis,philips-mrcat-pelvis,Philips,not-registered,,,,,,,,,0,no UDI-DI record returned for this trade name (device registration mandatory from 2026-05-28),https://ec.europa.eu/tools/eudamed/api/devices/udiDiData?page=0&pageSize=20&size=20&languageIso2Code=en&tradeName=MRCAT+Pelvis
product,MRCAT Head and Neck,philips-mrcat-head-and-neck,Philips,not-registered,,,,,,,,,0,no UDI-DI record returned for this trade name (device registration mandatory from 2026-05-28),https://ec.europa.eu/tools/eudamed/api/devices/udiDiData?page=0&pageSize=20&size=20&languageIso2Code=en&tradeName=MRCAT+Head+and+Neck
product,MRCAT Prostate + Auto-Contouring,philips-mrcat-prostate-auto-contouring,Philips,not-registered,,,,,,,,,0,no UDI-DI record returned for this trade name (device registration mandatory from 2026-05-28),https://ec.europa.eu/tools/eudamed/api/devices/udiDiData?page=0&pageSize=20&size=20&languageIso2Code=en&tradeName=MRCAT+Prostate+%2B+Auto-Contouring
product,syngo.via RT Image Suite,siemens-syngo-ct,Siemens Healthineers,ambiguous,DE-MF-000006122,,,,class-iib,0405686901998X2,,syngo.via RT Image Suite,2,manufacturer: Siemens Healthcare GmbH; 2 matching records,https://ec.europa.eu/tools/eudamed/api/devices/udiDiData?page=0&pageSize=20&size=20&languageIso2Code=en&tradeName=syngo.via+RT+Image+Suite
product,MRI Planner,spectronic-mriplanner,Spectronic Medical,confirmed,SE-MF-000024476,,,,class-iib,B-07350097430017,,MRI Planner,2,manufacturer: Spectronic Medical AB,https://ec.europa.eu/tools/eudamed/api/devices/udiDiData?page=0&pageSize=20&size=20&languageIso2Code=en&tradeName=MRI+Planner
product,Image+,mvision-image-plus,MVision AI,not-registered,,,,,,,,,0,no UDI-DI record returned for this trade name (device registration mandatory from 2026-05-28),https://ec.europa.eu/tools/eudamed/api/devices/udiDiData?page=0&pageSize=20&size=20&languageIso2Code=en&tradeName=Image%2B
product,MR-Box,mr-box-synthetic,Therapanacea,lookup-failed,,,,,,,,,0,device lookup: HTTP 429,https://ec.europa.eu/tools/eudamed/api/devices/udiDiData?page=0&pageSize=20&size=20&languageIso2Code=en&tradeName=MR-Box
product,AdaptBox,therapanacea-adaptbox,Therapanacea,not-registered,,,,,,,,,0,no UDI-DI record returned for this trade name (device registration mandatory from 2026-05-28),https://ec.europa.eu/tools/eudamed/api/devices/udiDiData?page=0&pageSize=20&size=20&languageIso2Code=en&tradeName=AdaptBox
product,Autofuse,pymedix-registration,PyMedix,not-registered,,,,,,,,,0,no UDI-DI record returned for this trade name (device registration mandatory from 2026-05-28),https://ec.europa.eu/tools/eudamed/api/devices/udiDiData?page=0&pageSize=20&size=20&languageIso2Code=en&tradeName=Autofuse
product,SmartFuse,therapanacea-smartfuse,Therapanacea,not-registered,,,,,,,,,0,no UDI-DI record returned for this trade name (device registration mandatory from 2026-05-28),https://ec.europa.eu/tools/eudamed/api/devices/udiDiData?page=0&pageSize=20&size=20&languageIso2Code=en&tradeName=SmartFuse
product,Adapt+,mvision-adapt-plus,MVision AI,ambiguous,,,,,,,,,6,"6 UDI-DI record(s) share this trade name, none from MVision AI; first manufacturer: Kingfisher International Products B.V.",https://ec.europa.eu/tools/eudamed/api/devices/udiDiData?page=0&pageSize=20&size=20&languageIso2Code=en&tradeName=Adapt%2B
product,Workspace+,mvision-ai-workspace-plus,MVision AI,confirmed,FI-MF-000013082,,,,class-iia,642983006424WS1.0ZQ,,Workspace+,1,manufacturer: MVision AI Oy,https://ec.europa.eu/tools/eudamed/api/devices/udiDiData?page=0&pageSize=20&size=20&languageIso2Code=en&tradeName=Workspace%2B
product,Intelligent Radiation Therapy (iRT),ge-healthcare-irt,GE Healthcare,not-registered,,,,,,,,,0,no UDI-DI record returned for this trade name (device registration mandatory from 2026-05-28),https://ec.europa.eu/tools/eudamed/api/devices/udiDiData?page=0&pageSize=20&size=20&languageIso2Code=en&tradeName=Intelligent+Radiation+Therapy+%28iRT%29
product,AccuLearning,manteia-acculearning,Manteia,not-registered,,,,,,,,,0,no UDI-DI record returned for this trade name (device registration mandatory from 2026-05-28),https://ec.europa.eu/tools/eudamed/api/devices/udiDiData?page=0&pageSize=20&size=20&languageIso2Code=en&tradeName=AccuLearning
product,Lumonus AI (Oncology Intelligence Layer),lumonus-ai,Lumonus,not-registered,,,,,,,,,0,no UDI-DI record returned for this trade name (device registration mandatory from 2026-05-28),https://ec.europa.eu/tools/eudamed/api/devices/udiDiData?page=0&pageSize=20&size=20&languageIso2Code=en&tradeName=Lumonus+AI+%28Oncology+Intelligence+Layer%29
product,ART-Plan+,therapanacea-art-plan,Therapanacea,not-registered,,,,,,,,,0,no UDI-DI record returned for this trade name (device registration mandatory from 2026-05-28),https://ec.europa.eu/tools/eudamed/api/devices/udiDiData?page=0&pageSize=20&size=20&languageIso2Code=en&tradeName=ART-Plan%2B
product,RayStation Deep Learning Dose Prediction,raysearch-raystation-planning,RaySearch Laboratories,not-registered,,,,,,,,,0,no UDI-DI record returned for this trade name (device registration mandatory from 2026-05-28),https://ec.europa.eu/tools/eudamed/api/devices/udiDiData?page=0&pageSize=20&size=20&languageIso2Code=en&tradeName=RayStation+Deep+Learning+Dose+Prediction
product,MOZI TPS,manteia-mozi,Manteia,confirmed,CN-MF-000023911,,,,class-iib,697312740MOZITPS77,,MOZI TPS,1,"manufacturer: Manteia Technologies Co., Ltd.",https://ec.europa.eu/tools/eudamed/api/devices/udiDiData?page=0&pageSize=20&size=20&languageIso2Code=en&tradeName=MOZI+TPS
product,Plan AI,plan-ai,Sun Nuclear (Mirion Medical),confirmed,US-MF-000020245,,,,class-iib,506060888PlanAIXR,,Plan AI,1,manufacturer: Sun Nuclear Corporation,https://ec.europa.eu/tools/eudamed/api/devices/udiDiData?page=0&pageSize=20&size=20&languageIso2Code=en&tradeName=Plan+AI
product,Radiation Planning Assistant (RPA),rpa-radiation-planning-assistant,MD Anderson Cancer Center,not-registered,,,,,,,,,0,no UDI-DI record returned for this trade name (device registration mandatory from 2026-05-28),https://ec.europa.eu/tools/eudamed/api/devices/udiDiData?page=0&pageSize=20&size=20&languageIso2Code=en&tradeName=Radiation+Planning+Assistant+%28RPA%29
product,uRT Auto-Planning,united-urt-auto-planning,United Imaging,not-registered,,,,,,,,,0,no UDI-DI record returned for this trade name (device registration mandatory from 2026-05-28),https://ec.europa.eu/tools/eudamed/api/devices/udiDiData?page=0&pageSize=20&size=20&languageIso2Code=en&tradeName=uRT+Auto-Planning
product,Dose+,mvision-dose-plus,MVision AI,confirmed,FI-MF-000013082,,,,class-iia,642983006423Dose1.0DH,,Dose+,8,manufacturer: MVision AI Oy,https://ec.europa.eu/tools/eudamed/api/devices/udiDiData?page=0&pageSize=20&size=20&languageIso2Code=en&tradeName=Dose%2B
product,DeepPlan,wisdom-deep-plan,Wisdom Tech,not-registered,,,,,,,,,0,no UDI-DI record returned for this trade name (device registration mandatory from 2026-05-28),https://ec.europa.eu/tools/eudamed/api/devices/udiDiData?page=0&pageSize=20&size=20&languageIso2Code=en&tradeName=DeepPlan
product,SmartPlan,therapanacea-smartplan,Therapanacea,not-registered,,,,,,,,,0,no UDI-DI record returned for this trade name (device registration mandatory from 2026-05-28),https://ec.europa.eu/tools/eudamed/api/devices/udiDiData?page=0&pageSize=20&size=20&languageIso2Code=en&tradeName=SmartPlan
product,RadOncAI,informai-radoncai,"InformAI, Inc.",not-registered,,,,,,,,,0,no UDI-DI record returned for this trade name (device registration mandatory from 2026-05-28),https://ec.europa.eu/tools/eudamed/api/devices/udiDiData?page=0&pageSize=20&size=20&languageIso2Code=en&tradeName=RadOncAI
product,Precise Image,philips-precise-image,Philips,not-registered,,,,,,,,,0,no UDI-DI record returned for this trade name (device registration mandatory from 2026-05-28),https://ec.europa.eu/tools/eudamed/api/devices/udiDiData?page=0&pageSize=20&size=20&languageIso2Code=en&tradeName=Precise+Image
product,SmartSpeed,philips-smartspeed,Philips,not-registered,,,,,,,,,0,no UDI-DI record returned for this trade name (device registration mandatory from 2026-05-28),https://ec.europa.eu/tools/eudamed/api/devices/udiDiData?page=0&pageSize=20&size=20&languageIso2Code=en&tradeName=SmartSpeed
product,SmartSpeed Precise,philips-smartspeed-precise,Philips,lookup-failed,,,,,,,,,0,device lookup: HTTP 429,https://ec.europa.eu/tools/eudamed/api/devices/udiDiData?page=0&pageSize=20&size=20&languageIso2Code=en&tradeName=SmartSpeed+Precise
product,PET/CT Adaptive Reconstruction,philips-petct-adaptive-reconstruction,Philips,not-registered,,,,,,,,,0,no UDI-DI record returned for this trade name (device registration mandatory from 2026-05-28),https://ec.europa.eu/tools/eudamed/api/devices/udiDiData?page=0&pageSize=20&size=20&languageIso2Code=en&tradeName=PET%2FCT+Adaptive+Reconstruction
product,AIR Recon DL,ge-air-recon-dl,GE Healthcare,not-registered,,,,,,,,,0,no UDI-DI record returned for this trade name (device registration mandatory from 2026-05-28),https://ec.europa.eu/tools/eudamed/api/devices/udiDiData?page=0&pageSize=20&size=20&languageIso2Code=en&tradeName=AIR+Recon+DL
product,TrueFidelity,ge-truefidelity,GE Healthcare,not-registered,,,,,,,,,0,no UDI-DI record returned for this trade name (device registration mandatory from 2026-05-28),https://ec.europa.eu/tools/eudamed/api/devices/udiDiData?page=0&pageSize=20&size=20&languageIso2Code=en&tradeName=TrueFidelity
product,Deep Resolve,siemens-deep-resolve,Siemens Healthineers,not-registered,,,,,,,,,0,no UDI-DI record returned for this trade name (device registration mandatory from 2026-05-28),https://ec.europa.eu/tools/eudamed/api/devices/udiDiData?page=0&pageSize=20&size=20&languageIso2Code=en&tradeName=Deep+Resolve
product,AiCE CT,canon-aice-ct,Canon Medical Systems,not-registered,,,,,,,,,0,no UDI-DI record returned for this trade name (device registration mandatory from 2026-05-28),https://ec.europa.eu/tools/eudamed/api/devices/udiDiData?page=0&pageSize=20&size=20&languageIso2Code=en&tradeName=AiCE+CT
product,AiCE MR,canon-aice-mr,Canon Medical Systems,not-registered,,,,,,,,,0,no UDI-DI record returned for this trade name (device registration mandatory from 2026-05-28),https://ec.europa.eu/tools/eudamed/api/devices/udiDiData?page=0&pageSize=20&size=20&languageIso2Code=en&tradeName=AiCE+MR
product,PIQE (Precise IQ Engine),canon-piqe,Canon Medical Systems,not-registered,,,,,,,,,0,no UDI-DI record returned for this trade name (device registration mandatory from 2026-05-28),https://ec.europa.eu/tools/eudamed/api/devices/udiDiData?page=0&pageSize=20&size=20&languageIso2Code=en&tradeName=PIQE+%28Precise+IQ+Engine%29
product,uAIFI,united-uai-vision-recon,United Imaging,not-registered,,,,,,,,,0,no UDI-DI record returned for this trade name (device registration mandatory from 2026-05-28),https://ec.europa.eu/tools/eudamed/api/devices/udiDiData?page=0&pageSize=20&size=20&languageIso2Code=en&tradeName=uAIFI
product,uAIFI on uMR,united-uaifi-umr,United Imaging,not-registered,,,,,,,,,0,no UDI-DI record returned for this trade name (device registration mandatory from 2026-05-28),https://ec.europa.eu/tools/eudamed/api/devices/udiDiData?page=0&pageSize=20&size=20&languageIso2Code=en&tradeName=uAIFI+on+uMR
product,HD TOF 2.0,united-hd-tof,United Imaging,not-registered,,,,,,,,,0,no UDI-DI record returned for this trade name (device registration mandatory from 2026-05-28),https://ec.europa.eu/tools/eudamed/api/devices/udiDiData?page=0&pageSize=20&size=20&languageIso2Code=en&tradeName=HD+TOF+2.0
product,IRIS Evo,elekta-iris,Elekta,not-registered,,,,,,,,,0,no UDI-DI record returned for this trade name (device registration mandatory from 2026-05-28),https://ec.europa.eu/tools/eudamed/api/devices/udiDiData?page=0&pageSize=20&size=20&languageIso2Code=en&tradeName=IRIS+Evo
product,Precision DL,ge-precision-dl,GE Healthcare,not-registered,,,,,,,,,0,no UDI-DI record returned for this trade name (device registration mandatory from 2026-05-28),https://ec.europa.eu/tools/eudamed/api/devices/udiDiData?page=0&pageSize=20&size=20&languageIso2Code=en&tradeName=Precision+DL
product,AIR Recon DL Enhancement Mode,ge-air-recon-dl-enhancement,GE Healthcare,not-registered,,,,,,,,,0,no UDI-DI record returned for this trade name (device registration mandatory from 2026-05-28),https://ec.europa.eu/tools/eudamed/api/devices/udiDiData?page=0&pageSize=20&size=20&languageIso2Code=en&tradeName=AIR+Recon+DL+Enhancement+Mode
product,SwiftMR,airs-swiftmr,AIRS Medical,ambiguous,KR-MF-000009149,,,,class-iia,88001247SWIFTMRYN,,SwiftMR,2,manufacturer: AIRS Medical Inc.; 2 matching records,https://ec.europa.eu/tools/eudamed/api/devices/udiDiData?page=0&pageSize=20&size=20&languageIso2Code=en&tradeName=SwiftMR
product,SubtleMR,subtle-mr,Subtle Medical,confirmed,US-MF-000032747,,,,class-iia,08600001712SubtleMR225,,SubtleMR (Software as a Service for post-processing of Magnetic Resonance data),1,"manufacturer: Subtle Medical, Inc.",https://ec.europa.eu/tools/eudamed/api/devices/udiDiData?page=0&pageSize=20&size=20&languageIso2Code=en&tradeName=SubtleMR
product,SubtlePET,subtle-pet,Subtle Medical,confirmed,US-MF-000032747,,,,class-iia,08600001712SubtlePET2B3,,SubtlePET (Software as a Service for post-processing of Positron Emission Tomography data),1,"manufacturer: Subtle Medical, Inc.",https://ec.europa.eu/tools/eudamed/api/devices/udiDiData?page=0&pageSize=20&size=20&languageIso2Code=en&tradeName=SubtlePET
product,SubtleHD(PET),subtle-hd-pet,Subtle Medical,not-registered,,,,,,,,,0,no UDI-DI record returned for this trade name (device registration mandatory from 2026-05-28),https://ec.europa.eu/tools/eudamed/api/devices/udiDiData?page=0&pageSize=20&size=20&languageIso2Code=en&tradeName=SubtleHD%28PET%29
product,AiMIFY,subtle-aimify,Subtle Medical,not-registered,,,,,,,,,0,no UDI-DI record returned for this trade name (device registration mandatory from 2026-05-28),https://ec.europa.eu/tools/eudamed/api/devices/udiDiData?page=0&pageSize=20&size=20&languageIso2Code=en&tradeName=AiMIFY
product,SubtleHD,subtle-hd,Subtle Medical,not-registered,,,,,,,,,0,no UDI-DI record returned for this trade name (device registration mandatory from 2026-05-28),https://ec.europa.eu/tools/eudamed/api/devices/udiDiData?page=0&pageSize=20&size=20&languageIso2Code=en&tradeName=SubtleHD
product,SubtleHD(CT),subtle-hd-ct,Subtle Medical,not-registered,,,,,,,,,0,no UDI-DI record returned for this trade name (device registration mandatory from 2026-05-28),https://ec.europa.eu/tools/eudamed/api/devices/udiDiData?page=0&pageSize=20&size=20&languageIso2Code=en&tradeName=SubtleHD%28CT%29
product,PixelShine,algomedica-pixelshine,AlgoMedica,lookup-failed,,,,,,,,,0,device lookup: HTTP 429,https://ec.europa.eu/tools/eudamed/api/devices/udiDiData?page=0&pageSize=20&size=20&languageIso2Code=en&tradeName=PixelShine
product,ClariCT.AI,claripi-clarict-ai,ClariPi,confirmed,KR-MF-000031518,,,,class-iia,B-88000468CAI-066B3Z,,ClariCT.AI,1,manufacturer: ClariPi Inc.,https://ec.europa.eu/tools/eudamed/api/devices/udiDiData?page=0&pageSize=20&size=20&languageIso2Code=en&tradeName=ClariCT.AI
product,ClariACE,claripi-clariace,ClariPi,not-registered,,,,,,,,,0,no UDI-DI record returned for this trade name (device registration mandatory from 2026-05-28),https://ec.europa.eu/tools/eudamed/api/devices/udiDiData?page=0&pageSize=20&size=20&languageIso2Code=en&tradeName=ClariACE
product,AIQUALIS,ptw-aqualis,PTW,not-registered,,,,,,,,,0,no UDI-DI record returned for this trade name (device registration mandatory from 2026-05-28),https://ec.europa.eu/tools/eudamed/api/devices/udiDiData?page=0&pageSize=20&size=20&languageIso2Code=en&tradeName=AIQUALIS
product,Verify,mvision-verify,MVision AI,ambiguous,,,,,,,,,20,"20 UDI-DI record(s) share this trade name, none from MVision AI; first manufacturer: Accriva Diagnostics, Inc.",https://ec.europa.eu/tools/eudamed/api/devices/udiDiData?page=0&pageSize=20&size=20&languageIso2Code=en&tradeName=Verify
product,RayIntelligence,raysearch-rayintelligence,RaySearch Laboratories,not-registered,,,,,,,,,0,no UDI-DI record returned for this trade name (device registration mandatory from 2026-05-28),https://ec.europa.eu/tools/eudamed/api/devices/udiDiData?page=0&pageSize=20&size=20&languageIso2Code=en&tradeName=RayIntelligence
product,Synchrony®,accuray-synchrony,Accuray®,not-registered,,,,,,,,,0,no UDI-DI record returned for this trade name (device registration mandatory from 2026-05-28),https://ec.europa.eu/tools/eudamed/api/devices/udiDiData?page=0&pageSize=20&size=20&languageIso2Code=en&tradeName=Synchrony%C2%AE
product,Precise Position,philips-precise-position,Philips,not-registered,,,,,,,,,0,no UDI-DI record returned for this trade name (device registration mandatory from 2026-05-28),https://ec.europa.eu/tools/eudamed/api/devices/udiDiData?page=0&pageSize=20&size=20&languageIso2Code=en&tradeName=Precise+Position
product,MedLever Assistant,medlever-assistant-pipeline,"MedLever, Inc.",not-registered,,,,,,,,,0,no UDI-DI record returned for this trade name (device registration mandatory from 2026-05-28),https://ec.europa.eu/tools/eudamed/api/devices/udiDiData?page=0&pageSize=20&size=20&languageIso2Code=en&tradeName=MedLever+Assistant
product,MedLever Copilot,medlever-copilot-pipeline,"MedLever, Inc.",not-registered,,,,,,,,,0,no UDI-DI record returned for this trade name (device registration mandatory from 2026-05-28),https://ec.europa.eu/tools/eudamed/api/devices/udiDiData?page=0&pageSize=20&size=20&languageIso2Code=en&tradeName=MedLever+Copilot
product,iRT for Theranostics,ge-irt-theranostics-pipeline,GE Healthcare,not-registered,,,,,,,,,0,no UDI-DI record returned for this trade name (device registration mandatory from 2026-05-28),https://ec.europa.eu/tools/eudamed/api/devices/udiDiData?page=0&pageSize=20&size=20&languageIso2Code=en&tradeName=iRT+for+Theranostics
product,uCT 610 Sim — Deep Learning Full-FOV Reconstruction,united-uct610-sim-dl-recon-pipeline,United Imaging,not-registered,,,,,,,,,0,no UDI-DI record returned for this trade name (device registration mandatory from 2026-05-28),https://ec.europa.eu/tools/eudamed/api/devices/udiDiData?page=0&pageSize=20&size=20&languageIso2Code=en&tradeName=uCT+610+Sim+%E2%80%94+Deep+Learning+Full-FOV+Reconstruction
product,Mediq RT — 4D CT (Research Module),synaptiq-mediq-rt-4dct-pipeline,Synaptiq,not-registered,,,,,,,,,0,no UDI-DI record returned for this trade name (device registration mandatory from 2026-05-28),https://ec.europa.eu/tools/eudamed/api/devices/udiDiData?page=0&pageSize=20&size=20&languageIso2Code=en&tradeName=Mediq+RT+%E2%80%94+4D+CT+%28Research+Module%29
product,NeuralRadBrain,neuralrad-brain-pipeline,NeuralRad,not-registered,,,,,,,,,0,no UDI-DI record returned for this trade name (device registration mandatory from 2026-05-28),https://ec.europa.eu/tools/eudamed/api/devices/udiDiData?page=0&pageSize=20&size=20&languageIso2Code=en&tradeName=NeuralRadBrain